,drawings,answers,confidence,num_incorrect,time,strategy,overall_confidence,difficulty,familiarity,age,gender,Finished,prolific_id,StartDate,EndDate,correct_answers,deltas,accuracy
0,"[['g3_l40_a', 'g3_l80_b'], ['g4_l55_c', 'g4_l55_b'], ['g1_l40_c', 'g1_l60_a'], ['g3_l70_c', 'g3_l45_a'], ['g4_l75_c', 'g4_l65_b'], ['g5_l75_b', 'g5_l40_c'], ['g5_l55_a', 'g5_l70_c'], ['g1_l65_c', 'g1_l55_a'], ['g3_l45_b', 'g3_l80_a'], ['g5_l55_a', 'g5_l60_b'], ['g2_l50_b', 'g2_l70_c'], ['g5_l80_b', 'g5_l40_c'], ['g1_l65_a', 'g1_l65_c'], ['g3_l40_c', 'g3_l45_b'], ['g3_l70_b', 'g3_l40_c'], ['g1_l40_c', 'g1_l80_a'], ['g2_l45_b', 'g2_l80_a'], ['g5_l50_b', 'g5_l60_c'], ['g2_l50_a', 'g2_l80_b'], ['g1_l65_c', 'g1_l70_b'], ['g3_l65_a', 'g3_l80_c'], ['g3_l55_c', 'g3_l55_a'], ['g5_l50_a', 'g5_l75_b'], ['g1_l60_c', 'g1_l45_a'], ['g2_l45_b', 'g2_l40_a'], ['g5_l50_c', 'g5_l80_b'], ['g2_l65_a', 'g2_l75_c'], ['g3_l45_b', 'g3_l65_c'], ['g3_l70_a', 'g3_l60_c'], ['g2_l45_c', 'g2_l60_a'], ['g4_l45_c', 'g4_l60_b'], ['g1_l75_b', 'g1_l40_c'], ['g4_l75_b', 'g4_l40_c'], ['g4_l80_c', 'g4_l40_b'], ['g5_l55_c', 'g5_l75_a'], ['g4_l55_c', 'g4_l80_a'], ['g5_l80_b', 'g5_l80_c'], ['g2_l40_c', 'g2_l80_a'], ['g2_l60_b', 'g2_l60_c'], ['g4_l60_b', 'g4_l80_a'], ['g1_l70_c', 'g1_l40_b'], ['g4_l50_c', 'g4_l55_a'], ['g2_l70_b', 'g2_l45_a'], ['g4_l75_b', 'g4_l45_c'], ['g1_l50_b', 'g1_l75_a']]","[3, 3, 3, 2, 3, 3, 3, 3, 3, 2, 3, 2, 1, 2, 1, 3, 3, 3, 3, 2, 2, 3, 3, 3, 2, 3, 3, 3, 3, 3, 3, 1, 1, 1, 3, 3, 2, 3, 2, 3, 1, 2, 1, 1, 3]","[1, 1, 1, 2, 1, 2, 1, 1, 1, 1, 1, 2, 1, 1, 1, 1, 1, 1, 1, 1, 2, 1, 1, 2, 1, 1, 2, 1, 1, 1, 1, 1, 2, 1, 1, 1, 1, 1, 1, 1, 2, 1, 1, 1, 1]",3,"[3.992, 3.348, 3.52, 7.748, 3.366, 3.582, 7.284, 2.747, 3.151, 3.022, 2.571, 5.133, 3.275, 3.343, 5.261, 4.169, 5.56, 4.085, 5.927, 3.306, 3.765, 4.263, 3.81, 6.451, 2.753, 2.808, 11.715, 3.529, 7.48, 3.594, 2.869, 3.025, 3.666, 3.682, 2.673, 3.285, 2.229, 3.254, 3.604, 8.363, 3.26, 3.522, 3.109, 5.646, 6.041]",,3,2,3,1,1,1,5e5609ad166562610cd0b218,2024-05-28 16:28:44,2024-05-28 16:36:28,"[3, 2, 3, 1, 1, 1, 3, 1, 3, 3, 3, 1, 2, 3, 1, 3, 3, 3, 3, 3, 3, 2, 3, 1, 1, 3, 3, 3, 1, 3, 3, 1, 1, 1, 3, 3, 2, 3, 2, 3, 1, 3, 1, 1, 3]","[40, 0, 20, 25, 10, 35, 15, 10, 35, 5, 20, 40, 0, 5, 30, 40, 35, 10, 30, 5, 15, 0, 25, 15, 5, 30, 10, 20, 10, 15, 15, 35, 35, 40, 20, 25, 0, 40, 0, 20, 30, 5, 25, 30, 25]","[1, 0, 1, 0, 0, 0, 1, 0, 1, 0, 1, 0, 0, 0, 1, 1, 1, 1, 1, 0, 0, 0, 1, 0, 0, 1, 1, 1, 0, 1, 1, 1, 1, 1, 1, 1, 1, 1, 1, 1, 1, 0, 1, 1, 1]"
1,"[['g3_l75_c', 'g3_l40_b'], ['g2_l80_c', 'g2_l45_a'], ['g3_l40_c', 'g3_l80_a'], ['g5_l80_b', 'g5_l65_c'], ['g1_l40_b', 'g1_l50_c'], ['g5_l40_c', 'g5_l45_a'], ['g1_l45_b', 'g1_l45_c'], ['g4_l80_b', 'g4_l40_c'], ['g4_l50_a', 'g4_l80_b'], ['g4_l40_b', 'g4_l55_a'], ['g4_l75_a', 'g4_l40_c'], ['g1_l55_a', 'g1_l75_c'], ['g4_l60_b', 'g4_l70_a'], ['g3_l45_c', 'g3_l50_b'], ['g2_l55_a', 'g2_l55_c'], ['g3_l70_b', 'g3_l55_a'], ['g4_l50_a', 'g4_l75_b'], ['g1_l75_a', 'g1_l40_b'], ['g1_l70_c', 'g1_l45_a'], ['g2_l80_b', 'g2_l50_c'], ['g4_l55_b', 'g4_l75_a'], ['g3_l40_b', 'g3_l65_c'], ['g3_l80_b', 'g3_l50_c'], ['g3_l65_c', 'g3_l75_a'], ['g5_l60_b', 'g5_l70_a'], ['g5_l40_b', 'g5_l75_c'], ['g2_l75_a', 'g2_l50_c'], ['g2_l60_c', 'g2_l80_a'], ['g1_l60_b', 'g1_l65_a'], ['g5_l50_c', 'g5_l50_b'], ['g2_l50_b', 'g2_l45_a'], ['g5_l45_b', 'g5_l75_c'], ['g3_l80_c', 'g3_l60_a'], ['g1_l80_a', 'g1_l50_c'], ['g3_l40_c', 'g3_l40_a'], ['g1_l40_b', 'g1_l80_a'], ['g2_l75_a', 'g2_l65_c'], ['g2_l70_b', 'g2_l55_a'], ['g1_l40_a', 'g1_l55_b'], ['g2_l80_a', 'g2_l40_c'], ['g5_l75_b', 'g5_l50_a'], ['g5_l80_b', 'g5_l60_a'], ['g4_l60_b', 'g4_l65_c'], ['g4_l55_c', 'g4_l55_a'], ['g5_l80_c', 'g5_l40_a']]","[1, 1, 3, 1, 2, 1, 2, 1, 3, 2, 1, 3, 3, 2, 3, 1, 2, 3, 1, 1, 3, 3, 1, 3, 3, 3, 1, 3, 2, 2, 2, 3, 1, 1, 2, 3, 1, 1, 1, 1, 1, 1, 3, 2, 1]","[2, 1, 1, 1, 2, 1, 2, 1, 1, 1, 1, 1, 1, 1, 2, 1, 1, 1, 1, 1, 1, 1, 1, 1, 1, 1, 1, 1, 1, 1, 1, 1, 1, 1, 1, 1, 1, 1, 1, 1, 1, 1, 1, 1, 1]",3,"[4.754, 4.097, 3.511, 6.435, 4.042, 3.305, 3.26, 3.557, 3.085, 3.219, 3.095, 7.19, 5.234, 3.15, 44.955, 3.54, 2.488, 3.243, 3.479, 2.353, 2.533, 2.258, 2.11, 3.41, 2.399, 2.702, 4.362, 2.322, 2.766, 2.339, 2.939, 2.151, 3.485, 2.68, 2.688, 2.645, 2.45, 2.108, 3.057, 2.061, 1.888, 1.811, 2.576, 2.079, 2.038]",The lengths proportionality to the shortest distance between them.,2,3,3,1,2,1,5e690f83d1e0d41a69f00db8,2024-05-28 16:36:09,2024-05-28 16:44:03,"[1, 1, 3, 1, 3, 3, 2, 1, 3, 3, 1, 3, 3, 3, 2, 1, 3, 1, 1, 1, 3, 3, 1, 3, 3, 3, 1, 3, 3, 2, 1, 3, 1, 1, 2, 3, 1, 1, 3, 1, 1, 1, 3, 2, 1]","[35, 35, 40, 15, 10, 5, 0, 40, 30, 15, 35, 20, 10, 5, 0, 15, 25, 35, 25, 30, 20, 25, 30, 10, 10, 35, 25, 20, 5, 0, 5, 30, 20, 30, 0, 40, 10, 15, 15, 40, 25, 20, 5, 0, 40]","[1, 1, 1, 1, 0, 0, 1, 1, 1, 0, 1, 1, 1, 0, 0, 1, 0, 0, 1, 1, 1, 1, 1, 1, 1, 1, 1, 1, 0, 1, 0, 1, 1, 1, 1, 1, 1, 1, 0, 1, 1, 1, 1, 1, 1]"
2,"[['g2_l75_b', 'g2_l50_a'], ['g4_l75_a', 'g4_l45_c'], ['g3_l65_a', 'g3_l65_c'], ['g3_l70_c', 'g3_l80_a'], ['g5_l45_a', 'g5_l40_c'], ['g2_l40_b', 'g2_l55_c'], ['g3_l60_a', 'g3_l65_b'], ['g1_l70_c', 'g1_l65_a'], ['g5_l80_b', 'g5_l40_a'], ['g4_l45_a', 'g4_l55_b'], ['g2_l80_c', 'g2_l75_a'], ['g4_l65_b', 'g4_l45_c'], ['g4_l65_a', 'g4_l80_c'], ['g5_l55_a', 'g5_l65_c'], ['g4_l80_a', 'g4_l45_b'], ['g5_l60_b', 'g5_l75_a'], ['g3_l60_c', 'g3_l45_a'], ['g2_l40_a', 'g2_l60_b'], ['g1_l45_a', 'g1_l80_b'], ['g5_l80_c', 'g5_l45_b'], ['g1_l45_c', 'g1_l70_a'], ['g1_l45_a', 'g1_l65_c'], ['g2_l75_c', 'g2_l40_a'], ['g5_l65_b', 'g5_l40_c'], ['g3_l45_a', 'g3_l80_b'], ['g1_l75_a', 'g1_l65_b'], ['g2_l40_c', 'g2_l80_a'], ['g4_l80_b', 'g4_l55_c'], ['g5_l50_b', 'g5_l70_a'], ['g1_l55_c', 'g1_l70_b'], ['g1_l40_b', 'g1_l80_c'], ['g5_l50_b', 'g5_l50_c'], ['g3_l75_b', 'g3_l50_c'], ['g2_l55_b', 'g2_l65_c'], ['g1_l75_c', 'g1_l45_a'], ['g3_l80_a', 'g3_l40_c'], ['g2_l70_a', 'g2_l40_b'], ['g5_l40_b', 'g5_l70_c'], ['g1_l50_a', 'g1_l50_b'], ['g2_l65_a', 'g2_l65_c'], ['g3_l75_a', 'g3_l45_b'], ['g4_l80_c', 'g4_l40_a'], ['g4_l55_a', 'g4_l55_c'], ['g4_l55_c', 'g4_l50_a'], ['g3_l80_b', 'g3_l60_a']]","[1, 3, 1, 3, 1, 1, 3, 3, 1, 3, 3, 3, 3, 3, 1, 3, 3, 1, 3, 1, 3, 3, 1, 1, 3, 1, 3, 1, 3, 3, 3, 1, 1, 3, 1, 1, 1, 1, 1, 3, 1, 1, 3, 1, 1]","[2, 2, 2, 1, 2, 1, 1, 2, 2, 2, 1, 1, 1, 2, 1, 1, 2, 2, 1, 2, 1, 2, 2, 2, 1, 2, 2, 1, 2, 2, 2, 2, 2, 2, 1, 2, 1, 1, 1, 2, 1, 2, 2, 2, 1]",5,"[7.71, 7.323, 10.638, 8.091, 8.6, 5.068, 6.997, 7.795, 11.157, 9.663, 7.204, 9.159, 8.467, 17.185, 5.193, 3.883, 6.917, 4.768, 4.453, 9.733, 4.125, 8.538, 7.924, 9.327, 5.259, 3.999, 5.36, 3.964, 4.98, 8.516, 5.106, 12.709, 5.032, 4.745, 4.733, 7.889, 6.803, 5.509, 3.538, 4.999, 3.951, 5.082, 3.997, 13.902, 4.035]",Just looking to see which one the points appear to be closer together,3,2,4,5,2,1,55ab63cafdf99b2dcdcc1ff2,2024-05-28 16:35:43,2024-05-28 16:46:17,"[1, 1, 2, 3, 1, 3, 3, 1, 1, 3, 1, 1, 3, 3, 1, 3, 1, 3, 3, 1, 3, 3, 1, 1, 3, 1, 3, 1, 3, 3, 3, 2, 1, 3, 1, 1, 1, 3, 2, 2, 1, 1, 2, 1, 1]","[25, 30, 0, 10, 5, 15, 5, 5, 40, 10, 5, 20, 15, 10, 35, 15, 15, 20, 35, 35, 25, 20, 35, 25, 35, 10, 40, 25, 20, 15, 40, 0, 25, 10, 30, 40, 30, 30, 0, 0, 30, 40, 0, 5, 20]","[1, 0, 0, 1, 1, 0, 1, 0, 1, 1, 0, 0, 1, 1, 1, 1, 0, 0, 1, 1, 1, 1, 1, 1, 1, 1, 1, 1, 1, 1, 1, 0, 1, 1, 1, 1, 1, 0, 0, 0, 1, 1, 0, 1, 1]"
3,"[['g4_l70_a', 'g4_l70_c'], ['g2_l75_a', 'g2_l45_b'], ['g3_l65_a', 'g3_l45_c'], ['g3_l40_c', 'g3_l80_b'], ['g1_l40_a', 'g1_l65_b'], ['g5_l40_b', 'g5_l80_c'], ['g1_l50_b', 'g1_l70_c'], ['g2_l65_b', 'g2_l40_a'], ['g4_l80_c', 'g4_l70_a'], ['g3_l55_c', 'g3_l80_a'], ['g1_l55_b', 'g1_l45_c'], ['g1_l40_b', 'g1_l80_c'], ['g4_l80_b', 'g4_l40_a'], ['g2_l80_a', 'g2_l40_b'], ['g4_l75_a', 'g4_l55_c'], ['g2_l40_a', 'g2_l45_c'], ['g2_l80_b', 'g2_l60_c'], ['g5_l80_b', 'g5_l80_a'], ['g4_l45_b', 'g4_l60_a'], ['g5_l50_b', 'g5_l70_a'], ['g4_l75_a', 'g4_l40_c'], ['g4_l55_b', 'g4_l80_c'], ['g1_l75_c', 'g1_l45_a'], ['g1_l75_c', 'g1_l40_b'], ['g2_l50_c', 'g2_l40_b'], ['g3_l80_a', 'g3_l50_c'], ['g5_l40_a', 'g5_l70_b'], ['g1_l75_a', 'g1_l75_b'], ['g3_l60_a', 'g3_l50_c'], ['g5_l55_a', 'g5_l70_c'], ['g3_l65_b', 'g3_l80_c'], ['g5_l55_b', 'g5_l60_a'], ['g3_l75_c', 'g3_l70_b'], ['g4_l55_a', 'g4_l60_b'], ['g1_l65_a', 'g1_l80_c'], ['g2_l80_a', 'g2_l45_b'], ['g5_l55_c', 'g5_l45_b'], ['g4_l75_b', 'g4_l45_a'], ['g2_l40_c', 'g2_l55_a'], ['g5_l65_a', 'g5_l40_b'], ['g3_l80_b', 'g3_l45_a'], ['g2_l75_a', 'g2_l75_b'], ['g5_l45_b', 'g5_l80_a'], ['g1_l60_a', 'g1_l55_b'], ['g3_l65_a', 'g3_l65_c']]","[2, 1, 1, 2, 3, 3, 2, 1, 1, 1, 1, 3, 1, 2, 1, 1, 1, 2, 3, 3, 1, 2, 1, 1, 3, 1, 3, 1, 1, 2, 3, 3, 1, 2, 3, 1, 2, 1, 2, 1, 1, 1, 3, 1, 2]","[2, 1, 1, 2, 2, 1, 2, 1, 2, 1, 2, 1, 1, 2, 1, 2, 1, 2, 2, 1, 1, 2, 1, 2, 2, 1, 2, 2, 2, 2, 1, 2, 2, 2, 2, 1, 2, 2, 2, 2, 1, 1, 1, 2, 2]",1,"[7.044, 5.244, 5.88, 6.834, 9.682, 4.441, 9.044, 9.214, 6.665, 6.945, 8.793, 7.843, 5.634, 7.28, 7.753, 10.776, 5.601, 6.256, 7.916, 5.147, 6.566, 8.878, 5.109, 4.576, 8.494, 4.359, 7.04, 8.023, 8.496, 5.778, 7.41, 8.195, 10.458, 8.641, 5.975, 5.113, 5.494, 7.761, 9.247, 4.555, 4.407, 7.47, 3.892, 4.058, 4.246]",Looking at where the red dots were and the distance,3,1,4,6,1,1,5f035c7ce9d86254e87992e4,2024-05-28 16:36:37,2024-05-28 16:47:35,"[2, 1, 1, 3, 3, 3, 3, 1, 1, 3, 1, 3, 1, 1, 1, 3, 1, 2, 3, 3, 1, 3, 1, 1, 1, 1, 3, 2, 1, 3, 3, 3, 1, 3, 3, 1, 1, 1, 3, 1, 1, 2, 3, 1, 2]","[0, 30, 20, 40, 25, 40, 20, 25, 10, 25, 10, 40, 40, 40, 20, 5, 20, 0, 15, 20, 35, 25, 30, 35, 10, 30, 30, 0, 10, 15, 15, 5, 5, 5, 15, 35, 10, 30, 15, 25, 35, 0, 35, 5, 0]","[1, 1, 1, 0, 1, 1, 0, 1, 1, 0, 1, 1, 1, 0, 1, 0, 1, 1, 1, 1, 1, 0, 1, 1, 0, 1, 1, 0, 1, 0, 1, 1, 1, 0, 1, 1, 0, 1, 0, 1, 1, 0, 1, 1, 1]"
4,"[['g3_l60_a', 'g3_l55_b'], ['g1_l50_c', 'g1_l40_b'], ['g2_l55_a', 'g2_l40_c'], ['g4_l45_c', 'g4_l60_a'], ['g1_l40_a', 'g1_l80_b'], ['g3_l50_c', 'g3_l70_a'], ['g4_l80_a', 'g4_l40_b'], ['g5_l45_b', 'g5_l40_c'], ['g1_l75_a', 'g1_l40_b'], ['g5_l40_b', 'g5_l80_a'], ['g5_l40_c', 'g5_l55_b'], ['g1_l40_c', 'g1_l55_a'], ['g1_l80_c', 'g1_l55_a'], ['g3_l45_b', 'g3_l75_c'], ['g4_l70_b', 'g4_l60_c'], ['g5_l40_c', 'g5_l75_b'], ['g5_l50_b', 'g5_l50_a'], ['g5_l50_b', 'g5_l80_c'], ['g2_l80_c', 'g2_l70_a'], ['g5_l70_a', 'g5_l50_b'], ['g2_l75_c', 'g2_l45_a'], ['g1_l70_b', 'g1_l40_c'], ['g4_l80_b', 'g4_l50_c'], ['g4_l45_a', 'g4_l40_b'], ['g4_l60_a', 'g4_l40_b'], ['g2_l45_a', 'g2_l70_c'], ['g4_l45_c', 'g4_l70_a'], ['g4_l45_c', 'g4_l80_b'], ['g1_l45_a', 'g1_l40_b'], ['g3_l50_b', 'g3_l50_c'], ['g2_l60_b', 'g2_l60_a'], ['g4_l65_a', 'g4_l65_c'], ['g3_l80_b', 'g3_l40_c'], ['g5_l60_c', 'g5_l70_b'], ['g5_l70_b', 'g5_l45_c'], ['g1_l75_c', 'g1_l75_a'], ['g3_l45_a', 'g3_l70_c'], ['g2_l80_c', 'g2_l60_b'], ['g2_l65_c', 'g2_l60_a'], ['g2_l40_b', 'g2_l80_a'], ['g1_l50_c', 'g1_l70_a'], ['g3_l40_c', 'g3_l75_a'], ['g3_l55_b', 'g3_l70_a'], ['g2_l45_a', 'g2_l80_c'], ['g3_l60_c', 'g3_l50_a']]","[1, 1, 1, 3, 3, 3, 1, 3, 1, 3, 3, 3, 1, 3, 3, 3, 1, 3, 1, 1, 3, 1, 1, 3, 1, 3, 3, 3, 1, 3, 3, 3, 1, 3, 1, 1, 3, 1, 3, 3, 3, 3, 3, 3, 1]","[1, 1, 1, 1, 1, 1, 1, 1, 1, 1, 1, 1, 1, 1, 1, 1, 1, 1, 1, 1, 1, 1, 1, 2, 1, 2, 1, 1, 1, 1, 1, 1, 1, 1, 1, 1, 1, 1, 1, 1, 1, 1, 2, 1, 1]",1,"[6.394, 23.818, 15.788, 3.955, 4.656, 8.553, 8.733, 3.604, 21.601, 5.007, 8.029, 4.338, 13.986, 8.386, 5.841, 4.703, 20.283, 3.467, 23.778, 3.676, 15.843, 8.269, 3.762, 7.885, 4.038, 4.889, 3.299, 4.35, 13.753, 3.832, 8.083, 4.497, 13.355, 3.349, 3.411, 7.148, 3.459, 21.448, 3.179, 3.071, 2.337, 2.68, 2.753, 2.308, 2.976]","no of overlapping lines or between the objects, visual feel, distance between multiple objects, any left overs or any objects having a single path",1,2,2,3,2,1,6618588759d62a5b9fa45e23,2024-05-28 16:35:47,2024-05-28 16:49:16,"[1, 1, 1, 3, 3, 3, 1, 1, 1, 3, 3, 3, 1, 3, 1, 3, 2, 3, 1, 1, 1, 1, 1, 1, 1, 3, 3, 3, 1, 2, 2, 2, 1, 3, 1, 2, 3, 1, 1, 3, 3, 3, 3, 3, 1]","[5, 10, 15, 15, 40, 20, 40, 5, 35, 40, 15, 15, 25, 30, 10, 35, 0, 30, 10, 20, 30, 30, 30, 5, 20, 25, 25, 35, 5, 0, 0, 0, 40, 10, 25, 0, 25, 20, 5, 40, 20, 35, 15, 35, 10]","[1, 1, 1, 1, 1, 1, 1, 0, 1, 1, 1, 1, 1, 1, 0, 1, 0, 1, 1, 1, 0, 1, 1, 0, 1, 1, 1, 1, 1, 0, 0, 0, 1, 1, 1, 0, 1, 1, 0, 1, 1, 1, 1, 1, 1]"
5,"[['g5_l70_c', 'g5_l80_b'], ['g1_l70_a', 'g1_l45_b'], ['g3_l80_c', 'g3_l80_a'], ['g5_l45_a', 'g5_l80_c'], ['g2_l40_b', 'g2_l60_c'], ['g4_l40_b', 'g4_l70_a'], ['g4_l75_a', 'g4_l40_b'], ['g5_l70_b', 'g5_l70_c'], ['g4_l40_b', 'g4_l80_c'], ['g4_l50_a', 'g4_l70_b'], ['g3_l80_c', 'g3_l55_a'], ['g5_l75_a', 'g5_l50_c'], ['g1_l80_a', 'g1_l60_c'], ['g2_l70_a', 'g2_l45_b'], ['g1_l80_a', 'g1_l45_c'], ['g1_l80_b', 'g1_l75_c'], ['g2_l80_c', 'g2_l45_b'], ['g2_l80_a', 'g2_l70_c'], ['g4_l55_a', 'g4_l80_c'], ['g3_l75_b', 'g3_l60_c'], ['g5_l80_b', 'g5_l40_a'], ['g3_l40_c', 'g3_l75_a'], ['g1_l40_a', 'g1_l80_b'], ['g4_l80_c', 'g4_l75_b'], ['g1_l50_b', 'g1_l80_a'], ['g4_l75_a', 'g4_l60_c'], ['g2_l40_c', 'g2_l45_b'], ['g3_l75_b', 'g3_l65_a'], ['g4_l60_b', 'g4_l70_c'], ['g3_l75_a', 'g3_l55_b'], ['g3_l80_a', 'g3_l40_b'], ['g3_l65_b', 'g3_l70_a'], ['g2_l55_b', 'g2_l70_c'], ['g4_l65_b', 'g4_l65_a'], ['g5_l75_a', 'g5_l80_b'], ['g3_l75_b', 'g3_l45_a'], ['g1_l65_a', 'g1_l75_c'], ['g5_l50_b', 'g5_l70_c'], ['g2_l50_a', 'g2_l80_c'], ['g1_l80_a', 'g1_l80_c'], ['g5_l45_c', 'g5_l75_b'], ['g1_l80_a', 'g1_l65_b'], ['g2_l40_c', 'g2_l80_b'], ['g5_l60_a', 'g5_l75_b'], ['g2_l60_a', 'g2_l60_b']]","[3, 1, 1, 3, 3, 3, 1, 1, 3, 3, 1, 1, 1, 1, 1, 3, 1, 1, 3, 1, 1, 3, 3, 1, 3, 1, 3, 1, 3, 1, 1, 3, 3, 1, 3, 1, 3, 3, 3, 2, 3, 1, 3, 3, 1]","[1, 1, 2, 1, 1, 1, 1, 1, 1, 2, 1, 1, 1, 1, 1, 2, 1, 1, 1, 1, 1, 1, 1, 1, 1, 1, 2, 1, 1, 1, 1, 2, 1, 2, 2, 1, 1, 1, 1, 2, 1, 1, 1, 1, 2]",3,"[5.287, 5.54, 11.055, 3.272, 5.271, 3.899, 5.994, 7.127, 2.905, 12.861, 3.205, 7.032, 3.728, 5.144, 2.668, 7.829, 2.918, 4.704, 4.101, 4.43, 2.477, 3.379, 4.185, 3.123, 3.407, 4.596, 22.594, 3.139, 3.007, 2.617, 5.913, 15.299, 4.228, 5.353, 8.358, 3.022, 2.854, 2.629, 3.211, 13.366, 4.645, 2.616, 5.727, 3.603, 6.542]",The further away the dots where from each other. Avoiding one's with clusters that were close to each other.,2,3,2,3,2,1,660eb2e15fed38effda803cf,2024-05-28 16:38:12,2024-05-28 16:50:27,"[3, 1, 2, 3, 3, 3, 1, 2, 3, 3, 1, 1, 1, 1, 1, 1, 1, 1, 3, 1, 1, 3, 3, 1, 3, 1, 3, 1, 3, 1, 1, 3, 3, 2, 3, 1, 3, 3, 3, 2, 3, 1, 3, 3, 2]","[10, 25, 0, 35, 20, 30, 35, 0, 40, 20, 25, 25, 20, 25, 35, 5, 35, 10, 25, 15, 40, 35, 40, 5, 30, 15, 5, 10, 10, 20, 40, 5, 15, 0, 5, 30, 10, 20, 30, 0, 30, 15, 40, 15, 0]","[1, 1, 0, 1, 1, 1, 1, 0, 1, 1, 1, 1, 1, 1, 1, 0, 1, 1, 1, 1, 1, 1, 1, 1, 1, 1, 1, 1, 1, 1, 1, 1, 1, 0, 1, 1, 1, 1, 1, 1, 1, 1, 1, 1, 0]"
6,"[['g4_l80_b', 'g4_l45_a'], ['g2_l60_b', 'g2_l65_c'], ['g3_l60_a', 'g3_l40_b'], ['g3_l80_b', 'g3_l55_c'], ['g4_l45_a', 'g4_l70_b'], ['g1_l60_b', 'g1_l80_a'], ['g3_l75_b', 'g3_l60_a'], ['g5_l40_a', 'g5_l75_b'], ['g1_l70_b', 'g1_l40_a'], ['g4_l70_a', 'g4_l70_b'], ['g3_l75_a', 'g3_l65_b'], ['g2_l40_b', 'g2_l75_a'], ['g5_l75_c', 'g5_l50_a'], ['g3_l40_c', 'g3_l40_b'], ['g4_l50_c', 'g4_l80_b'], ['g1_l75_c', 'g1_l75_a'], ['g1_l65_b', 'g1_l75_a'], ['g3_l80_b', 'g3_l50_a'], ['g5_l40_a', 'g5_l80_c'], ['g3_l80_b', 'g3_l40_a'], ['g3_l50_c', 'g3_l55_b'], ['g4_l55_b', 'g4_l65_c'], ['g1_l75_a', 'g1_l40_c'], ['g5_l75_a', 'g5_l55_c'], ['g1_l65_c', 'g1_l60_a'], ['g1_l60_b', 'g1_l45_c'], ['g5_l55_c', 'g5_l70_b'], ['g2_l50_c', 'g2_l70_a'], ['g3_l75_b', 'g3_l40_a'], ['g1_l40_a', 'g1_l80_c'], ['g2_l50_b', 'g2_l50_a'], ['g5_l65_c', 'g5_l60_a'], ['g2_l75_c', 'g2_l60_b'], ['g4_l60_b', 'g4_l75_c'], ['g2_l80_b', 'g2_l50_a'], ['g2_l65_c', 'g2_l40_b'], ['g4_l45_c', 'g4_l40_b'], ['g5_l75_c', 'g5_l45_b'], ['g1_l40_a', 'g1_l65_b'], ['g5_l50_c', 'g5_l60_b'], ['g4_l80_b', 'g4_l40_c'], ['g2_l40_b', 'g2_l80_c'], ['g2_l65_a', 'g2_l55_b'], ['g4_l80_b', 'g4_l60_c'], ['g5_l50_a', 'g5_l50_c']]","[1, 2, 3, 1, 3, 3, 1, 3, 1, 2, 2, 3, 1, 2, 3, 2, 3, 1, 1, 1, 2, 3, 1, 1, 2, 1, 3, 3, 1, 3, 3, 2, 1, 2, 1, 1, 2, 1, 3, 3, 1, 3, 1, 1, 2]","[1, 2, 1, 1, 1, 1, 1, 1, 1, 1, 2, 1, 1, 1, 1, 1, 1, 1, 1, 1, 1, 1, 1, 1, 1, 1, 1, 1, 1, 1, 2, 1, 1, 1, 1, 1, 1, 1, 1, 1, 1, 1, 1, 1, 2]",3,"[7.849, 9.687, 9.841, 7.939, 11.025, 9.065, 7.582, 5.648, 12.181, 5.333, 14.861, 4.404, 3.804, 6.606, 12.029, 9.043, 14.533, 5.474, 5.867, 5.634, 6.273, 6.219, 7.775, 5.2, 8.964, 3.633, 8.31, 17.438, 5.758, 5.738, 16.346, 5.648, 7.09, 15.679, 6.042, 5.634, 6.399, 3.775, 5.85, 9.317, 3.59, 4.967, 12.387, 15.279, 9.9]","I looked at the density of the dots, and which had more outliers. ",1,2,3,6,2,1,5e56b73082df8703b934a008,2024-05-28 16:37:36,2024-05-28 16:52:08,"[1, 3, 1, 1, 3, 3, 1, 3, 1, 2, 1, 3, 1, 2, 3, 2, 3, 1, 3, 1, 3, 3, 1, 1, 1, 1, 3, 3, 1, 3, 2, 1, 1, 3, 1, 1, 1, 1, 3, 3, 1, 3, 1, 1, 2]","[35, 5, 20, 25, 25, 20, 15, 35, 30, 0, 10, 35, 25, 0, 30, 0, 10, 30, 40, 40, 5, 10, 35, 20, 5, 15, 15, 20, 35, 40, 0, 5, 15, 15, 30, 25, 5, 30, 25, 10, 40, 40, 10, 20, 0]","[1, 0, 0, 1, 1, 1, 1, 1, 1, 1, 0, 1, 1, 1, 1, 1, 1, 1, 0, 1, 0, 1, 1, 1, 0, 1, 1, 1, 1, 1, 0, 0, 1, 0, 1, 1, 0, 1, 1, 1, 1, 1, 1, 1, 1]"
7,"[['g1_l80_c', 'g1_l60_a'], ['g3_l50_c', 'g3_l75_b'], ['g5_l65_b', 'g5_l40_a'], ['g3_l40_c', 'g3_l80_a'], ['g2_l60_c', 'g2_l80_b'], ['g4_l60_a', 'g4_l80_c'], ['g4_l40_c', 'g4_l75_a'], ['g1_l80_c', 'g1_l80_b'], ['g3_l80_b', 'g3_l50_c'], ['g4_l40_c', 'g4_l40_a'], ['g5_l75_b', 'g5_l40_c'], ['g1_l50_a', 'g1_l75_c'], ['g1_l45_c', 'g1_l40_a'], ['g5_l60_a', 'g5_l50_b'], ['g4_l55_a', 'g4_l60_c'], ['g1_l45_c', 'g1_l75_b'], ['g2_l45_c', 'g2_l50_b'], ['g2_l65_a', 'g2_l55_b'], ['g4_l50_b', 'g4_l75_c'], ['g2_l80_c', 'g2_l50_b'], ['g5_l45_a', 'g5_l40_b'], ['g1_l80_b', 'g1_l65_a'], ['g2_l70_a', 'g2_l45_c'], ['g1_l80_a', 'g1_l45_c'], ['g4_l70_c', 'g4_l40_a'], ['g3_l50_c', 'g3_l65_a'], ['g4_l50_a', 'g4_l60_b'], ['g2_l45_c', 'g2_l80_b'], ['g5_l75_c', 'g5_l45_b'], ['g5_l50_b', 'g5_l50_c'], ['g5_l80_c', 'g5_l40_b'], ['g1_l40_c', 'g1_l80_b'], ['g2_l40_c', 'g2_l80_b'], ['g3_l55_b', 'g3_l60_c'], ['g3_l70_c', 'g3_l70_a'], ['g5_l45_a', 'g5_l60_c'], ['g1_l55_b', 'g1_l65_c'], ['g3_l80_a', 'g3_l45_b'], ['g3_l80_a', 'g3_l60_b'], ['g2_l80_b', 'g2_l65_a'], ['g4_l65_b', 'g4_l80_c'], ['g4_l40_b', 'g4_l80_c'], ['g3_l55_a', 'g3_l65_b'], ['g2_l40_a', 'g2_l40_b'], ['g5_l60_b', 'g5_l40_a']]","[1, 3, 1, 3, 3, 3, 3, 2, 1, 2, 1, 3, 3, 1, 3, 3, 2, 1, 3, 1, 1, 1, 1, 1, 1, 3, 3, 3, 1, 2, 1, 3, 3, 2, 3, 3, 3, 1, 1, 1, 3, 3, 3, 3, 1]","[1, 1, 1, 1, 1, 1, 1, 2, 1, 1, 1, 1, 1, 2, 2, 1, 2, 1, 1, 1, 1, 1, 1, 1, 1, 1, 2, 1, 1, 2, 1, 1, 1, 1, 2, 1, 2, 1, 1, 1, 1, 1, 1, 1, 1]",3,"[4.023, 3.808, 4.181, 5.714, 4.146, 5.376, 10.286, 21.358, 4.664, 13.339, 7.22, 5.591, 16.783, 16.08, 19.014, 4.965, 19.034, 14.033, 11.779, 5.829, 17.131, 14.736, 16.912, 7.675, 11.108, 19.277, 20.53, 6.066, 4.946, 25.683, 4.369, 5.304, 3.776, 19.582, 17.297, 8.075, 41.318, 6.116, 3.939, 4.661, 10.299, 5.344, 5.617, 13.011, 10.007]","For the ones with obvious differences, it was easy to see which one was more balanced and open-spaced with similar differences in space between the nodes.

For the ones where both were high stress, I looked at the longest lines first and judged which had more (higher stress) and then the shorter lines and the distribution of the red dots. I was less confident in these answers.",2,2,2,5,1,1,62e9a0037f25630a0325119e,2024-05-28 16:37:07,2024-05-28 16:55:37,"[1, 3, 1, 3, 3, 3, 3, 2, 1, 2, 1, 3, 1, 1, 3, 3, 3, 1, 3, 1, 1, 1, 1, 1, 1, 3, 3, 3, 1, 2, 1, 3, 3, 3, 2, 3, 3, 1, 1, 1, 3, 3, 3, 2, 1]","[20, 25, 25, 40, 20, 20, 35, 0, 30, 0, 35, 25, 5, 10, 5, 30, 5, 10, 25, 30, 5, 15, 25, 35, 30, 15, 10, 35, 30, 0, 40, 40, 40, 5, 0, 15, 10, 35, 20, 15, 15, 40, 10, 0, 20]","[1, 1, 1, 1, 1, 1, 1, 1, 1, 1, 1, 1, 0, 1, 1, 1, 0, 1, 1, 1, 1, 1, 1, 1, 1, 1, 1, 1, 1, 1, 1, 1, 1, 0, 0, 1, 1, 1, 1, 1, 1, 1, 1, 0, 1]"
8,"[['g1_l80_c', 'g1_l70_b'], ['g5_l40_a', 'g5_l80_c'], ['g3_l65_a', 'g3_l65_c'], ['g4_l45_a', 'g4_l45_b'], ['g2_l80_b', 'g2_l80_c'], ['g5_l80_b', 'g5_l65_a'], ['g1_l80_b', 'g1_l40_a'], ['g1_l80_b', 'g1_l80_c'], ['g1_l80_a', 'g1_l65_b'], ['g4_l40_a', 'g4_l45_c'], ['g4_l80_c', 'g4_l45_b'], ['g5_l45_b', 'g5_l75_c'], ['g5_l75_c', 'g5_l75_b'], ['g3_l70_c', 'g3_l50_b'], ['g4_l80_b', 'g4_l40_a'], ['g5_l60_c', 'g5_l55_a'], ['g2_l50_b', 'g2_l70_c'], ['g2_l50_a', 'g2_l75_b'], ['g2_l80_c', 'g2_l65_a'], ['g3_l45_c', 'g3_l55_b'], ['g2_l70_b', 'g2_l40_c'], ['g5_l45_b', 'g5_l70_c'], ['g3_l75_b', 'g3_l45_a'], ['g1_l75_b', 'g1_l55_c'], ['g4_l50_a', 'g4_l40_b'], ['g3_l75_c', 'g3_l70_b'], ['g2_l80_b', 'g2_l45_c'], ['g1_l40_c', 'g1_l70_b'], ['g4_l80_a', 'g4_l60_c'], ['g1_l50_c', 'g1_l75_b'], ['g3_l50_a', 'g3_l75_c'], ['g1_l75_b', 'g1_l80_c'], ['g2_l55_a', 'g2_l60_b'], ['g4_l45_c', 'g4_l60_b'], ['g5_l45_a', 'g5_l65_b'], ['g4_l70_a', 'g4_l40_c'], ['g5_l70_b', 'g5_l80_c'], ['g4_l55_b', 'g4_l80_a'], ['g3_l40_a', 'g3_l55_c'], ['g3_l45_c', 'g3_l80_b'], ['g3_l80_a', 'g3_l40_b'], ['g2_l40_c', 'g2_l80_b'], ['g5_l45_a', 'g5_l80_b'], ['g1_l75_b', 'g1_l40_c'], ['g2_l70_c', 'g2_l60_a']]","[2, 3, 2, 2, 2, 2, 1, 2, 1, 2, 1, 1, 2, 1, 1, 2, 3, 2, 2, 3, 1, 3, 1, 1, 2, 2, 1, 1, 1, 3, 3, 2, 2, 3, 3, 1, 3, 3, 3, 3, 1, 3, 3, 1, 1]","[1, 1, 1, 2, 1, 1, 1, 1, 1, 1, 1, 1, 1, 1, 1, 1, 1, 2, 1, 2, 1, 1, 1, 1, 1, 1, 1, 1, 1, 1, 1, 1, 1, 1, 1, 1, 1, 1, 1, 1, 1, 1, 1, 1, 1]",3,"[6.566, 4.234, 4.465, 7.164, 3.223, 3.429, 7.726, 3.563, 5.504, 5.857, 8.273, 5.986, 3.236, 7.494, 12.8, 3.369, 12.985, 9.132, 4.478, 9.516, 3.128, 5.294, 3.819, 7.304, 13.532, 4.494, 3.3, 3.851, 46.102, 3.951, 5.568, 8.579, 8.209, 7.145, 4.163, 3.867, 4.801, 12.381, 8.716, 18.572, 4.335, 2.633, 3.142, 2.881, 8.227]","If the spaces between dots were all relatively similar I determined they had a lower stress, those with a longer line that seemed out of place were determined as high stress. I have a degree in human biology and it reminded me of chemical and biological bonds, those with random arrangements where the links/bonds were more likely to break, be fragile, have weaker chain strengths. Those with consistent links/bonds where the lengths and widths are the same were stronger and less likely to separate. ",2,2,3,1,1,1,6282625e16061f1e815edb29,2024-05-28 16:42:30,2024-05-28 16:56:23,"[1, 3, 2, 2, 2, 1, 1, 2, 1, 3, 1, 3, 2, 1, 1, 1, 3, 3, 1, 3, 1, 3, 1, 1, 1, 1, 1, 3, 1, 3, 3, 3, 3, 3, 3, 1, 3, 3, 3, 3, 1, 3, 3, 1, 1]","[10, 40, 0, 0, 0, 15, 40, 0, 15, 5, 35, 30, 0, 20, 40, 5, 20, 25, 15, 10, 30, 25, 30, 20, 10, 5, 35, 30, 20, 25, 25, 5, 5, 15, 20, 30, 10, 25, 15, 35, 40, 40, 35, 35, 10]","[0, 1, 1, 1, 1, 0, 1, 1, 1, 0, 1, 0, 1, 1, 1, 0, 1, 0, 0, 1, 1, 1, 1, 1, 0, 0, 1, 0, 1, 1, 1, 0, 0, 1, 1, 1, 1, 1, 1, 1, 1, 1, 1, 1, 1]"
9,"[['g4_l75_c', 'g4_l60_b'], ['g5_l50_b', 'g5_l50_a'], ['g5_l45_c', 'g5_l75_b'], ['g2_l40_c', 'g2_l80_b'], ['g5_l45_b', 'g5_l70_c'], ['g1_l60_b', 'g1_l60_a'], ['g5_l60_c', 'g5_l45_a'], ['g2_l75_b', 'g2_l45_c'], ['g5_l40_c', 'g5_l80_a'], ['g3_l45_b', 'g3_l75_c'], ['g5_l75_a', 'g5_l55_c'], ['g2_l70_c', 'g2_l75_a'], ['g4_l75_a', 'g4_l40_c'], ['g5_l50_c', 'g5_l40_b'], ['g5_l80_b', 'g5_l45_c'], ['g2_l70_c', 'g2_l50_b'], ['g3_l65_c', 'g3_l40_b'], ['g3_l80_c', 'g3_l40_b'], ['g5_l70_b', 'g5_l65_c'], ['g3_l65_c', 'g3_l45_b'], ['g1_l75_b', 'g1_l55_a'], ['g2_l80_b', 'g2_l65_c'], ['g4_l75_a', 'g4_l80_c'], ['g4_l55_b', 'g4_l65_c'], ['g4_l80_c', 'g4_l40_a'], ['g4_l65_a', 'g4_l40_b'], ['g3_l75_c', 'g3_l65_b'], ['g1_l40_a', 'g1_l80_b'], ['g3_l55_a', 'g3_l40_c'], ['g2_l40_c', 'g2_l75_b'], ['g1_l45_a', 'g1_l50_c'], ['g3_l80_b', 'g3_l45_c'], ['g1_l75_b', 'g1_l60_a'], ['g1_l50_a', 'g1_l40_c'], ['g1_l50_c', 'g1_l80_a'], ['g4_l50_a', 'g4_l50_c'], ['g2_l40_a', 'g2_l65_b'], ['g3_l50_c', 'g3_l50_b'], ['g4_l70_a', 'g4_l50_b'], ['g1_l45_a', 'g1_l70_c'], ['g2_l65_b', 'g2_l55_a'], ['g3_l45_c', 'g3_l50_a'], ['g2_l40_a', 'g2_l40_c'], ['g1_l40_c', 'g1_l75_b'], ['g4_l75_a', 'g4_l45_b']]","[2, 2, 3, 3, 3, 2, 1, 1, 3, 2, 1, 2, 1, 1, 1, 2, 1, 1, 2, 1, 1, 1, 2, 3, 1, 2, 3, 3, 1, 3, 2, 1, 1, 1, 3, 2, 3, 2, 1, 3, 1, 2, 2, 3, 1]","[1, 1, 1, 1, 1, 1, 1, 1, 1, 1, 2, 2, 1, 1, 1, 2, 1, 1, 2, 1, 2, 1, 2, 1, 1, 1, 2, 1, 1, 1, 1, 1, 1, 2, 1, 2, 2, 1, 1, 1, 1, 1, 1, 1, 1]",2,"[17.1, 8.88, 11.133, 6.085, 7.606, 10.438, 23.728, 7.34, 5.859, 12.732, 9.605, 19.527, 7.215, 6.366, 6.322, 11.128, 7.289, 19.708, 13.597, 4.351, 19.643, 7.346, 6.945, 19.502, 5.347, 6.593, 28.941, 7.534, 8.481, 6.144, 13.244, 5.818, 4.106, 10.437, 7.6, 7.675, 7.872, 9.814, 6.528, 6.224, 21.046, 5.003, 4.006, 4.553, 18.961]",the one that seemed less confused was the one I picked as less stress,2,2,4,5,2,1,5d2dd9b5a248bd0018a0d787,2024-05-28 16:35:23,2024-05-28 16:58:24,"[1, 2, 3, 3, 3, 2, 1, 1, 3, 3, 1, 3, 1, 1, 1, 1, 1, 1, 1, 1, 1, 1, 3, 3, 1, 1, 1, 3, 1, 3, 3, 1, 1, 1, 3, 2, 3, 2, 1, 3, 1, 3, 2, 3, 1]","[15, 0, 30, 40, 25, 0, 15, 30, 40, 30, 20, 5, 35, 10, 35, 20, 25, 40, 5, 20, 20, 15, 5, 10, 40, 25, 10, 40, 15, 35, 5, 35, 15, 10, 30, 0, 25, 0, 20, 25, 10, 5, 0, 35, 30]","[0, 1, 1, 1, 1, 1, 1, 1, 1, 0, 1, 0, 1, 1, 1, 0, 1, 1, 0, 1, 1, 1, 0, 1, 1, 0, 0, 1, 1, 1, 0, 1, 1, 1, 1, 1, 1, 1, 1, 1, 1, 0, 1, 1, 1]"
10,"[['g1_l50_b', 'g1_l80_a'], ['g5_l45_a', 'g5_l70_c'], ['g4_l50_b', 'g4_l55_a'], ['g4_l75_c', 'g4_l75_b'], ['g5_l45_a', 'g5_l45_c'], ['g4_l75_b', 'g4_l40_c'], ['g4_l70_c', 'g4_l80_b'], ['g1_l50_c', 'g1_l75_a'], ['g2_l40_b', 'g2_l80_c'], ['g3_l75_a', 'g3_l65_c'], ['g4_l75_c', 'g4_l55_a'], ['g2_l45_b', 'g2_l60_c'], ['g5_l70_b', 'g5_l60_c'], ['g5_l40_b', 'g5_l70_a'], ['g3_l75_a', 'g3_l45_c'], ['g1_l70_b', 'g1_l70_a'], ['g3_l75_b', 'g3_l40_c'], ['g4_l65_b', 'g4_l40_c'], ['g1_l40_c', 'g1_l80_a'], ['g1_l50_b', 'g1_l40_a'], ['g2_l50_b', 'g2_l80_c'], ['g2_l75_a', 'g2_l55_b'], ['g2_l50_c', 'g2_l75_b'], ['g3_l55_a', 'g3_l55_b'], ['g4_l80_c', 'g4_l40_a'], ['g5_l40_b', 'g5_l80_c'], ['g3_l50_b', 'g3_l70_a'], ['g1_l40_c', 'g1_l55_a'], ['g3_l75_b', 'g3_l60_a'], ['g2_l55_b', 'g2_l55_c'], ['g2_l75_b', 'g2_l40_c'], ['g2_l70_b', 'g2_l60_a'], ['g1_l65_a', 'g1_l60_b'], ['g5_l55_c', 'g5_l75_a'], ['g3_l50_a', 'g3_l55_c'], ['g5_l70_c', 'g5_l65_b'], ['g2_l80_b', 'g2_l75_c'], ['g1_l60_c', 'g1_l80_b'], ['g4_l40_a', 'g4_l70_c'], ['g1_l40_a', 'g1_l75_b'], ['g5_l75_c', 'g5_l40_b'], ['g4_l50_c', 'g4_l65_a'], ['g5_l40_c', 'g5_l55_a'], ['g3_l80_c', 'g3_l40_a'], ['g3_l45_b', 'g3_l70_a']]","[3, 3, 2, 2, 3, 2, 3, 3, 3, 1, 1, 2, 1, 3, 1, 2, 1, 2, 3, 2, 3, 1, 3, 2, 1, 3, 3, 2, 1, 2, 1, 2, 2, 3, 3, 2, 1, 3, 2, 3, 1, 2, 2, 1, 3]","[1, 2, 2, 2, 1, 2, 2, 2, 1, 1, 1, 2, 1, 2, 2, 2, 1, 2, 1, 2, 2, 1, 2, 1, 2, 2, 2, 2, 2, 2, 2, 2, 2, 2, 2, 1, 1, 1, 2, 1, 1, 2, 1, 1, 2]",4,"[3.792, 3.257, 5.366, 2.471, 3.124, 2.23, 2.901, 2.915, 3.112, 3.818, 4.283, 4.614, 4.306, 3.713, 5.543, 5.906, 2.734, 26.999, 2.334, 2.107, 3.674, 2.808, 4.344, 2.65, 3.132, 2.277, 6.221, 2.372, 2.745, 1.892, 4.953, 2.882, 3.052, 2.472, 2.35, 2.018, 3.286, 3.733, 2.796, 2.124, 2.457, 2.73, 2.506, 2.453, 2.861]",immediate reaction juding by the closeness of the points as well as the sharpness of the angles,4,2,4,2,2,1,6384d67ad4b8f9be72f67ed9,2024-10-29 19:47:53,2024-10-29 19:56:22,"[3, 3, 3, 2, 2, 1, 3, 3, 3, 1, 1, 3, 1, 3, 1, 2, 1, 1, 3, 1, 3, 1, 3, 2, 1, 3, 3, 3, 1, 2, 1, 1, 1, 3, 3, 1, 1, 3, 3, 3, 1, 3, 3, 1, 3]","[30, 25, 5, 0, 0, 35, 10, 25, 40, 10, 20, 15, 10, 30, 30, 0, 35, 25, 40, 10, 30, 20, 25, 0, 40, 40, 20, 15, 15, 0, 35, 10, 5, 20, 5, 5, 5, 20, 30, 35, 35, 15, 15, 40, 25]","[1, 1, 0, 1, 0, 0, 1, 1, 1, 1, 1, 0, 1, 1, 1, 1, 1, 0, 1, 0, 1, 1, 1, 1, 1, 1, 1, 0, 1, 1, 1, 0, 0, 1, 1, 0, 1, 1, 0, 1, 1, 0, 0, 1, 1]"
11,"[['g5_l40_c', 'g5_l80_b'], ['g3_l40_c', 'g3_l80_b'], ['g2_l40_a', 'g2_l75_c'], ['g1_l45_a', 'g1_l80_b'], ['g5_l50_b', 'g5_l75_a'], ['g1_l60_c', 'g1_l60_b'], ['g4_l45_c', 'g4_l75_b'], ['g2_l45_a', 'g2_l75_c'], ['g2_l55_c', 'g2_l50_b'], ['g2_l65_a', 'g2_l40_c'], ['g3_l45_a', 'g3_l40_b'], ['g3_l45_b', 'g3_l60_a'], ['g3_l45_b', 'g3_l75_a'], ['g4_l50_c', 'g4_l50_a'], ['g2_l80_c', 'g2_l40_a'], ['g5_l55_c', 'g5_l55_b'], ['g4_l40_b', 'g4_l55_a'], ['g2_l70_a', 'g2_l70_c'], ['g5_l75_a', 'g5_l55_b'], ['g5_l45_c', 'g5_l80_b'], ['g1_l55_b', 'g1_l80_a'], ['g4_l40_c', 'g4_l75_b'], ['g1_l40_b', 'g1_l80_a'], ['g2_l55_c', 'g2_l45_a'], ['g1_l50_a', 'g1_l65_c'], ['g1_l65_c', 'g1_l70_a'], ['g5_l70_c', 'g5_l40_a'], ['g1_l80_b', 'g1_l70_c'], ['g2_l50_c', 'g2_l70_b'], ['g5_l65_a', 'g5_l75_c'], ['g4_l40_a', 'g4_l65_c'], ['g4_l80_b', 'g4_l40_c'], ['g3_l55_c', 'g3_l75_b'], ['g4_l65_a', 'g4_l45_c'], ['g2_l45_b', 'g2_l60_c'], ['g3_l55_b', 'g3_l80_a'], ['g5_l80_a', 'g5_l75_b'], ['g3_l80_a', 'g3_l45_b'], ['g4_l50_c', 'g4_l40_a'], ['g4_l40_a', 'g4_l45_c'], ['g1_l50_c', 'g1_l80_a'], ['g5_l70_a', 'g5_l55_b'], ['g3_l45_c', 'g3_l55_b'], ['g1_l50_c', 'g1_l70_b'], ['g3_l70_a', 'g3_l70_b']]","[3, 3, 3, 3, 3, 2, 3, 3, 2, 1, 2, 3, 3, 2, 1, 2, 3, 2, 1, 3, 3, 3, 3, 2, 2, 2, 1, 2, 3, 2, 3, 1, 3, 1, 3, 2, 2, 1, 2, 2, 3, 1, 2, 2, 2]","[1, 1, 2, 1, 1, 2, 2, 1, 2, 1, 2, 1, 1, 1, 1, 2, 2, 1, 1, 1, 1, 2, 1, 2, 2, 2, 1, 1, 1, 2, 1, 1, 1, 1, 2, 2, 1, 1, 1, 1, 1, 1, 2, 2, 2]",4,"[6.778, 4.929, 6.498, 6.774, 4.837, 5.063, 3.95, 5.771, 6.482, 7.487, 5.438, 5.993, 3.206, 3.717, 4.906, 9.958, 6.24, 4.516, 5.007, 3.631, 5.926, 8.151, 3.727, 3.53, 4.816, 3.769, 4.488, 4.342, 5.863, 4.065, 6.941, 3.902, 3.959, 5.373, 6.112, 4.818, 5.155, 3.752, 3.038, 3.375, 13.721, 4.106, 5.773, 12.634, 6.59]",Purely visually comparing the two and seeing if one seemed to have more regular gaps than the other one ,2,2,3,6,2,1,671f9fa9267b74c50e43f6d3,2024-10-29 19:48:04,2024-10-29 19:58:38,"[3, 3, 3, 3, 3, 2, 3, 3, 1, 1, 1, 3, 3, 2, 1, 2, 3, 2, 1, 3, 3, 3, 3, 1, 3, 3, 1, 1, 3, 3, 3, 1, 3, 1, 3, 3, 1, 1, 1, 3, 3, 1, 3, 3, 2]","[40, 40, 35, 35, 25, 0, 30, 30, 5, 25, 5, 15, 30, 0, 40, 0, 15, 0, 20, 35, 25, 35, 40, 10, 15, 5, 30, 10, 20, 10, 25, 40, 20, 20, 15, 25, 5, 35, 10, 5, 30, 15, 10, 20, 0]","[1, 1, 1, 1, 1, 1, 1, 1, 0, 1, 0, 1, 1, 1, 1, 1, 1, 1, 1, 1, 1, 1, 1, 0, 0, 0, 1, 0, 1, 0, 1, 1, 1, 1, 1, 0, 0, 1, 0, 0, 1, 1, 0, 0, 1]"
12,"[['g2_l55_a', 'g2_l45_b'], ['g2_l80_a', 'g2_l60_c'], ['g4_l60_a', 'g4_l60_c'], ['g5_l60_a', 'g5_l80_c'], ['g1_l70_a', 'g1_l40_b'], ['g3_l70_c', 'g3_l45_a'], ['g4_l45_b', 'g4_l80_c'], ['g5_l60_c', 'g5_l55_a'], ['g2_l70_a', 'g2_l70_b'], ['g5_l40_c', 'g5_l70_a'], ['g1_l55_b', 'g1_l75_a'], ['g1_l50_c', 'g1_l60_b'], ['g3_l60_a', 'g3_l50_b'], ['g1_l45_c', 'g1_l45_a'], ['g3_l40_b', 'g3_l75_c'], ['g3_l55_c', 'g3_l75_b'], ['g5_l40_c', 'g5_l80_a'], ['g4_l60_b', 'g4_l70_a'], ['g5_l80_b', 'g5_l65_c'], ['g3_l70_b', 'g3_l40_a'], ['g5_l40_b', 'g5_l50_c'], ['g1_l40_b', 'g1_l80_a'], ['g5_l45_c', 'g5_l70_b'], ['g3_l60_c', 'g3_l45_b'], ['g1_l70_a', 'g1_l55_c'], ['g2_l40_c', 'g2_l80_b'], ['g2_l70_c', 'g2_l75_b'], ['g1_l80_c', 'g1_l55_a'], ['g2_l40_c', 'g2_l75_a'], ['g1_l80_b', 'g1_l45_c'], ['g5_l40_a', 'g5_l75_b'], ['g5_l45_b', 'g5_l45_a'], ['g1_l50_c', 'g1_l55_a'], ['g4_l55_b', 'g4_l80_c'], ['g3_l45_b', 'g3_l50_c'], ['g3_l80_b', 'g3_l80_a'], ['g4_l60_b', 'g4_l65_a'], ['g3_l40_a', 'g3_l80_c'], ['g4_l40_a', 'g4_l60_b'], ['g2_l55_a', 'g2_l40_c'], ['g4_l65_a', 'g4_l80_b'], ['g4_l75_a', 'g4_l45_b'], ['g2_l65_b', 'g2_l40_a'], ['g2_l70_b', 'g2_l40_c'], ['g4_l80_a', 'g4_l40_b']]","[2, 1, 2, 3, 1, 1, 3, 2, 3, 3, 3, 3, 1, 2, 3, 3, 3, 3, 1, 2, 1, 3, 3, 2, 1, 3, 2, 1, 3, 1, 3, 2, 3, 3, 2, 2, 3, 1, 3, 2, 1, 1, 1, 1, 1]","[2, 1, 2, 1, 2, 1, 1, 1, 2, 1, 1, 2, 2, 2, 2, 1, 1, 1, 1, 2, 2, 1, 2, 2, 1, 1, 1, 1, 1, 1, 1, 2, 2, 1, 1, 1, 2, 1, 2, 2, 1, 1, 1, 1, 1]",2,"[5.997, 3.92, 4.499, 2.683, 6.27, 5.207, 2.308, 2.855, 4.58, 2.85, 4.06, 7.221, 4.615, 6.925, 2.936, 2.645, 3.093, 2.665, 2.861, 5.315, 2.796, 2.637, 4.219, 4.093, 4.789, 2.457, 3.677, 3.017, 2.703, 2.815, 2.535, 2.724, 3.102, 2.967, 2.552, 3.4, 4.534, 2.552, 4.371, 2.195, 2.197, 2.578, 2.446, 2.135, 1.966]",More overlapping lines and tighter angles indicated higher stress to me,2,3,4,2,2,1,5d5bbd713348d20019c7e832,2024-10-29 19:54:29,2024-10-29 20:01:42,"[1, 1, 2, 3, 1, 1, 3, 1, 2, 3, 3, 3, 1, 2, 3, 3, 3, 3, 1, 1, 3, 3, 3, 1, 1, 3, 3, 1, 3, 1, 3, 2, 3, 3, 3, 2, 3, 3, 3, 1, 3, 1, 1, 1, 1]","[10, 20, 0, 20, 30, 25, 35, 5, 0, 30, 20, 10, 10, 0, 35, 20, 40, 10, 15, 30, 10, 40, 25, 15, 15, 40, 5, 25, 35, 35, 35, 0, 5, 25, 5, 0, 5, 40, 20, 15, 15, 30, 25, 30, 40]","[0, 1, 1, 1, 1, 1, 1, 0, 0, 1, 1, 1, 1, 1, 1, 1, 1, 1, 1, 0, 0, 1, 1, 0, 1, 1, 0, 1, 1, 1, 1, 1, 1, 1, 0, 1, 1, 0, 1, 0, 0, 1, 1, 1, 1]"
13,"[['g5_l45_c', 'g5_l40_b'], ['g5_l60_c', 'g5_l40_a'], ['g2_l50_c', 'g2_l75_a'], ['g3_l65_c', 'g3_l70_b'], ['g5_l50_a', 'g5_l80_c'], ['g2_l50_c', 'g2_l50_a'], ['g3_l70_a', 'g3_l45_b'], ['g3_l65_b', 'g3_l55_c'], ['g1_l45_c', 'g1_l70_b'], ['g5_l40_a', 'g5_l80_b'], ['g2_l40_b', 'g2_l70_a'], ['g1_l80_a', 'g1_l45_c'], ['g4_l60_a', 'g4_l55_c'], ['g4_l80_a', 'g4_l40_b'], ['g3_l80_b', 'g3_l40_c'], ['g4_l80_c', 'g4_l60_a'], ['g5_l65_b', 'g5_l40_c'], ['g3_l45_b', 'g3_l60_a'], ['g4_l60_c', 'g4_l50_a'], ['g4_l65_b', 'g4_l40_a'], ['g2_l60_b', 'g2_l45_a'], ['g5_l55_a', 'g5_l70_b'], ['g2_l80_a', 'g2_l70_c'], ['g4_l50_b', 'g4_l50_c'], ['g5_l75_c', 'g5_l40_a'], ['g1_l80_b', 'g1_l80_a'], ['g5_l40_a', 'g5_l40_b'], ['g1_l60_c', 'g1_l75_a'], ['g3_l60_c', 'g3_l40_b'], ['g1_l75_c', 'g1_l55_a'], ['g1_l40_b', 'g1_l80_c'], ['g3_l75_b', 'g3_l75_c'], ['g3_l50_a', 'g3_l80_b'], ['g1_l55_c', 'g1_l60_b'], ['g2_l65_b', 'g2_l45_a'], ['g2_l55_c', 'g2_l50_a'], ['g4_l65_c', 'g4_l80_a'], ['g1_l50_b', 'g1_l60_c'], ['g1_l80_c', 'g1_l50_a'], ['g4_l50_b', 'g4_l80_a'], ['g2_l40_c', 'g2_l80_b'], ['g2_l80_b', 'g2_l45_a'], ['g3_l45_c', 'g3_l80_a'], ['g5_l50_c', 'g5_l40_a'], ['g4_l45_b', 'g4_l80_a']]","[2, 2, 3, 2, 3, 2, 2, 2, 3, 3, 2, 1, 2, 1, 1, 1, 2, 2, 2, 1, 2, 3, 1, 2, 1, 2, 2, 3, 2, 1, 3, 2, 3, 2, 1, 2, 3, 2, 1, 3, 3, 1, 3, 2, 3]","[1, 1, 1, 1, 1, 1, 1, 1, 1, 1, 1, 1, 1, 1, 1, 1, 1, 2, 1, 1, 1, 2, 1, 1, 1, 1, 1, 1, 1, 1, 1, 1, 1, 1, 2, 1, 1, 1, 1, 1, 1, 1, 1, 1, 1]",4,"[4.215, 5.469, 2.928, 5.361, 2.709, 5.5, 5.891, 7.767, 9.634, 2.82, 5.137, 3.281, 1.666, 3.176, 4.163, 6.121, 9.39, 4.453, 3.922, 13.884, 2.609, 2.586, 4.341, 2.012, 3.52, 2.031, 1.879, 2.528, 3.493, 2.17, 3.244, 2.257, 1.852, 1.849, 4.851, 1.657, 4.006, 1.904, 2.56, 2.754, 3.3, 3.153, 1.819, 2.011, 2.219]",I followed the rules indicated at the start of the study,1,4,4,2,2,1,5c9a02361966cc0016750e21,2024-10-29 19:54:28,2024-10-29 20:03:40,"[1, 1, 3, 3, 3, 2, 1, 1, 3, 3, 3, 1, 1, 1, 1, 1, 1, 3, 1, 1, 1, 3, 1, 2, 1, 2, 2, 3, 1, 1, 3, 2, 3, 3, 1, 1, 3, 3, 1, 3, 3, 1, 3, 1, 3]","[5, 20, 25, 5, 30, 0, 25, 10, 25, 40, 30, 35, 5, 40, 40, 20, 25, 15, 10, 25, 15, 15, 10, 0, 35, 0, 0, 15, 20, 20, 40, 0, 30, 5, 20, 5, 15, 10, 30, 30, 40, 35, 35, 10, 35]","[0, 0, 1, 0, 1, 1, 0, 0, 1, 1, 0, 1, 0, 1, 1, 1, 0, 0, 0, 1, 0, 1, 1, 1, 1, 1, 1, 1, 0, 1, 1, 1, 1, 0, 1, 0, 1, 0, 1, 1, 1, 1, 1, 0, 1]"
14,"[['g3_l45_c', 'g3_l70_b'], ['g1_l75_b', 'g1_l40_a'], ['g1_l40_b', 'g1_l40_a'], ['g5_l40_a', 'g5_l45_c'], ['g4_l45_a', 'g4_l60_b'], ['g3_l40_c', 'g3_l80_a'], ['g5_l60_c', 'g5_l40_a'], ['g3_l50_c', 'g3_l40_b'], ['g3_l75_a', 'g3_l55_c'], ['g1_l60_a', 'g1_l50_b'], ['g1_l80_a', 'g1_l60_c'], ['g1_l50_c', 'g1_l80_a'], ['g2_l65_a', 'g2_l80_b'], ['g4_l40_b', 'g4_l65_c'], ['g1_l80_a', 'g1_l40_b'], ['g4_l40_c', 'g4_l80_a'], ['g4_l55_b', 'g4_l60_c'], ['g1_l75_a', 'g1_l80_b'], ['g2_l55_c', 'g2_l80_a'], ['g3_l40_b', 'g3_l70_c'], ['g2_l80_a', 'g2_l40_c'], ['g3_l60_c', 'g3_l75_a'], ['g4_l40_b', 'g4_l75_a'], ['g2_l80_c', 'g2_l60_a'], ['g5_l75_c', 'g5_l45_b'], ['g4_l65_b', 'g4_l55_c'], ['g5_l80_c', 'g5_l40_a'], ['g5_l45_c', 'g5_l60_a'], ['g1_l40_b', 'g1_l65_a'], ['g5_l60_a', 'g5_l70_b'], ['g4_l45_c', 'g4_l65_b'], ['g2_l65_a', 'g2_l70_c'], ['g3_l80_b', 'g3_l75_c'], ['g1_l65_a', 'g1_l50_b'], ['g2_l80_b', 'g2_l80_c'], ['g5_l45_b', 'g5_l80_a'], ['g4_l60_c', 'g4_l60_a'], ['g2_l70_b', 'g2_l80_a'], ['g3_l70_b', 'g3_l70_a'], ['g3_l80_b', 'g3_l45_c'], ['g5_l55_c', 'g5_l55_a'], ['g4_l70_c', 'g4_l40_a'], ['g2_l40_b', 'g2_l70_a'], ['g2_l75_a', 'g2_l40_b'], ['g5_l75_a', 'g5_l50_b']]","[3, 2, 2, 2, 3, 3, 1, 2, 1, 2, 1, 3, 3, 3, 1, 3, 2, 2, 3, 2, 1, 3, 3, 1, 1, 1, 1, 3, 3, 2, 3, 1, 1, 1, 2, 3, 2, 3, 2, 1, 2, 1, 2, 1, 1]","[1, 2, 1, 1, 2, 1, 1, 1, 1, 1, 1, 1, 1, 1, 1, 1, 1, 1, 1, 1, 1, 1, 1, 2, 1, 1, 1, 1, 1, 2, 2, 1, 1, 1, 1, 1, 2, 1, 2, 1, 1, 1, 1, 1, 1]",3,"[3.93, 3.719, 3.157, 2.436, 4.198, 2.543, 12.658, 7.196, 2.311, 3.967, 3.021, 2.551, 2.689, 3.067, 2.023, 2.545, 2.814, 3.919, 3.243, 2.485, 2.91, 1.973, 3.26, 5.78, 3.138, 5.154, 1.77, 1.995, 2.285, 5.482, 3.037, 2.981, 3.914, 2.297, 3.984, 2.043, 4.923, 3.377, 7.078, 2.341, 1.92, 4.185, 2.278, 2.399, 2.122]","After reviewing the explanation provided before starting the survey, I was able to understand the criteria for assessing the stress levels in the diagrams. In most cases, I could quickly identify lower stress levels based on the extent of line overlap and the number of contact points.






",2,3,2,2,1,1,66c9f0d28748ff4a74af4bc6,2024-10-29 19:57:32,2024-10-29 20:05:09,"[3, 1, 2, 3, 3, 3, 1, 1, 1, 1, 1, 3, 3, 3, 1, 3, 3, 3, 3, 3, 1, 3, 3, 1, 1, 1, 1, 3, 3, 3, 3, 3, 1, 1, 2, 3, 2, 3, 2, 1, 2, 1, 3, 1, 1]","[25, 35, 0, 5, 15, 40, 20, 10, 20, 10, 20, 30, 15, 25, 40, 40, 5, 5, 25, 30, 40, 15, 35, 20, 30, 10, 40, 15, 25, 10, 20, 5, 5, 15, 0, 35, 0, 10, 0, 35, 0, 30, 30, 35, 25]","[1, 0, 1, 0, 1, 1, 1, 0, 1, 0, 1, 1, 1, 1, 1, 1, 0, 0, 1, 0, 1, 1, 1, 1, 1, 1, 1, 1, 1, 0, 1, 0, 1, 1, 1, 1, 1, 1, 1, 1, 1, 1, 0, 1, 1]"
15,"[['g4_l50_b', 'g4_l45_c'], ['g5_l55_a', 'g5_l65_b'], ['g1_l70_a', 'g1_l40_c'], ['g3_l45_c', 'g3_l65_a'], ['g2_l80_b', 'g2_l75_c'], ['g4_l50_c', 'g4_l40_b'], ['g2_l60_c', 'g2_l45_a'], ['g4_l70_a', 'g4_l55_b'], ['g4_l80_b', 'g4_l50_c'], ['g4_l75_c', 'g4_l50_b'], ['g3_l65_c', 'g3_l75_b'], ['g5_l65_a', 'g5_l60_b'], ['g1_l55_c', 'g1_l80_a'], ['g5_l40_b', 'g5_l70_c'], ['g3_l70_b', 'g3_l40_a'], ['g1_l75_c', 'g1_l40_b'], ['g4_l80_b', 'g4_l60_a'], ['g1_l50_a', 'g1_l60_b'], ['g5_l60_b', 'g5_l80_a'], ['g5_l80_c', 'g5_l40_a'], ['g1_l60_c', 'g1_l75_b'], ['g4_l40_c', 'g4_l80_b'], ['g5_l40_c', 'g5_l55_b'], ['g1_l65_a', 'g1_l70_b'], ['g3_l50_b', 'g3_l75_a'], ['g3_l45_a', 'g3_l80_b'], ['g2_l45_c', 'g2_l65_a'], ['g1_l65_b', 'g1_l65_c'], ['g1_l40_a', 'g1_l60_b'], ['g3_l40_c', 'g3_l80_b'], ['g2_l80_a', 'g2_l70_b'], ['g2_l45_c', 'g2_l80_b'], ['g3_l45_c', 'g3_l45_b'], ['g4_l55_b', 'g4_l55_a'], ['g3_l65_a', 'g3_l50_c'], ['g2_l80_b', 'g2_l55_a'], ['g5_l55_c', 'g5_l55_a'], ['g1_l80_c', 'g1_l40_b'], ['g2_l80_a', 'g2_l50_c'], ['g4_l80_b', 'g4_l45_a'], ['g5_l45_c', 'g5_l80_b'], ['g3_l55_a', 'g3_l50_b'], ['g2_l40_b', 'g2_l80_c'], ['g2_l75_b', 'g2_l75_a'], ['g5_l55_b', 'g5_l80_a']]","[2, 2, 1, 3, 1, 2, 2, 1, 1, 2, 2, 1, 3, 3, 1, 1, 1, 2, 3, 1, 3, 3, 2, 2, 2, 3, 2, 2, 2, 3, 1, 3, 2, 2, 2, 1, 2, 1, 1, 1, 3, 2, 3, 3, 3]","[1, 1, 2, 2, 1, 2, 2, 2, 1, 2, 1, 1, 1, 1, 2, 1, 1, 2, 1, 1, 1, 1, 2, 2, 2, 1, 1, 1, 2, 1, 1, 1, 1, 1, 1, 1, 2, 1, 1, 2, 1, 2, 1, 1, 1]",3,"[5.122, 10.814, 8.662, 10.588, 4.434, 7.253, 6.92, 8.239, 5.773, 10.11, 10.398, 3.458, 3.533, 4.078, 3.968, 4.109, 2.617, 313.059, 3.573, 5.445, 3.823, 3.105, 3.363, 5.809, 2.841, 2.809, 7.645, 2.972, 5.292, 6.145, 3.955, 3.683, 2.774, 5.407, 5.753, 2.921, 6.661, 3.56, 4.046, 4.086, 3.941, 7.337, 3.302, 3.494, 3.058]",Looking to see how consistent the dots were. ,2,2,4,2,1,1,5ef71cad22eb1d41bcbe4064,2024-10-29 19:47:54,2024-10-29 20:07:25,"[1, 3, 1, 3, 1, 1, 1, 1, 1, 1, 3, 1, 3, 3, 1, 1, 1, 3, 3, 1, 3, 3, 3, 3, 3, 3, 3, 2, 3, 3, 1, 3, 2, 2, 1, 1, 2, 1, 1, 1, 3, 1, 3, 2, 3]","[5, 10, 30, 20, 5, 10, 15, 15, 30, 25, 10, 5, 25, 30, 30, 35, 20, 10, 20, 40, 15, 40, 15, 5, 25, 35, 20, 0, 20, 40, 10, 35, 0, 0, 15, 25, 0, 40, 30, 35, 35, 5, 40, 0, 25]","[0, 0, 1, 1, 1, 0, 0, 1, 1, 0, 0, 1, 1, 1, 1, 1, 1, 0, 1, 1, 1, 1, 0, 0, 0, 1, 0, 1, 0, 1, 1, 1, 1, 1, 0, 1, 1, 1, 1, 1, 1, 0, 1, 0, 1]"
16,"[['g2_l75_c', 'g2_l50_a'], ['g2_l80_c', 'g2_l40_b'], ['g5_l60_b', 'g5_l80_a'], ['g5_l80_a', 'g5_l40_b'], ['g2_l50_a', 'g2_l55_c'], ['g5_l75_a', 'g5_l45_c'], ['g1_l80_b', 'g1_l45_c'], ['g3_l60_b', 'g3_l60_c'], ['g3_l75_c', 'g3_l55_a'], ['g3_l45_b', 'g3_l50_c'], ['g4_l80_a', 'g4_l45_c'], ['g1_l80_c', 'g1_l65_b'], ['g3_l40_a', 'g3_l80_b'], ['g1_l80_c', 'g1_l40_b'], ['g1_l80_b', 'g1_l70_a'], ['g3_l75_a', 'g3_l40_b'], ['g2_l80_b', 'g2_l50_c'], ['g5_l50_b', 'g5_l55_a'], ['g5_l80_b', 'g5_l80_a'], ['g3_l70_a', 'g3_l45_c'], ['g4_l60_c', 'g4_l65_b'], ['g1_l40_a', 'g1_l70_c'], ['g3_l50_a', 'g3_l80_c'], ['g1_l60_a', 'g1_l60_c'], ['g1_l45_b', 'g1_l70_a'], ['g2_l55_b', 'g2_l40_a'], ['g4_l75_b', 'g4_l75_a'], ['g5_l40_c', 'g5_l65_a'], ['g1_l40_b', 'g1_l60_a'], ['g5_l65_a', 'g5_l80_b'], ['g1_l75_c', 'g1_l70_a'], ['g4_l40_b', 'g4_l80_c'], ['g2_l60_c', 'g2_l40_b'], ['g4_l80_b', 'g4_l70_c'], ['g2_l50_c', 'g2_l60_a'], ['g4_l50_c', 'g4_l70_b'], ['g4_l55_c', 'g4_l80_b'], ['g4_l70_b', 'g4_l40_a'], ['g3_l50_c', 'g3_l40_a'], ['g4_l75_b', 'g4_l60_c'], ['g5_l80_a', 'g5_l45_c'], ['g5_l80_c', 'g5_l70_a'], ['g3_l40_b', 'g3_l55_c'], ['g2_l75_c', 'g2_l40_a'], ['g2_l55_a', 'g2_l55_b']]","[1, 1, 3, 1, 2, 1, 1, 2, 1, 2, 1, 1, 3, 1, 1, 1, 1, 3, 3, 1, 3, 3, 3, 2, 3, 1, 3, 3, 2, 3, 1, 3, 1, 1, 3, 3, 3, 1, 1, 3, 1, 1, 3, 1, 2]","[2, 1, 1, 1, 2, 1, 1, 1, 1, 2, 1, 1, 1, 1, 1, 1, 1, 2, 1, 2, 1, 1, 1, 2, 2, 2, 2, 1, 2, 1, 1, 1, 2, 1, 1, 2, 1, 1, 2, 2, 1, 1, 1, 2, 2]",2,"[8.39, 6.731, 4.954, 5.104, 10.495, 4.663, 3.626, 12.141, 7.111, 7.663, 4.224, 4.155, 3.615, 3.185, 4.442, 4.132, 3.692, 6.126, 4.154, 6.785, 6.254, 5.448, 3.852, 6.23, 6.344, 8.026, 6.212, 5.483, 8.26, 4.06, 4.413, 3.691, 7.071, 6.218, 6.605, 6.921, 3.534, 5.326, 9.196, 6.565, 5.042, 7.711, 5.037, 5.581, 8.011]",Just feel. But seeing nodes at distance from te centre steered me towards more stress,2,3,3,6,2,1,648705a9d4a971f11be998fc,2024-10-29 19:54:24,2024-10-29 20:08:07,"[1, 1, 3, 1, 3, 1, 1, 2, 1, 3, 1, 1, 3, 1, 1, 1, 1, 3, 2, 1, 3, 3, 3, 2, 3, 1, 2, 3, 3, 3, 1, 3, 1, 1, 3, 3, 3, 1, 1, 1, 1, 1, 3, 1, 2]","[25, 40, 20, 40, 5, 30, 35, 0, 20, 5, 35, 15, 40, 40, 10, 35, 30, 5, 0, 25, 5, 30, 30, 0, 25, 15, 0, 25, 20, 15, 5, 40, 20, 10, 10, 20, 25, 30, 10, 15, 35, 10, 15, 35, 0]","[1, 1, 1, 1, 0, 1, 1, 1, 1, 0, 1, 1, 1, 1, 1, 1, 1, 1, 0, 1, 1, 1, 1, 1, 1, 1, 0, 1, 0, 1, 1, 1, 1, 1, 1, 1, 1, 1, 1, 0, 1, 1, 1, 1, 1]"
17,"[['g4_l70_c', 'g4_l40_a'], ['g5_l65_a', 'g5_l65_c'], ['g5_l60_c', 'g5_l70_a'], ['g3_l70_c', 'g3_l80_b'], ['g1_l40_c', 'g1_l80_a'], ['g5_l50_c', 'g5_l80_a'], ['g4_l80_a', 'g4_l40_c'], ['g2_l80_a', 'g2_l45_b'], ['g3_l45_c', 'g3_l75_a'], ['g5_l75_c', 'g5_l55_b'], ['g3_l80_c', 'g3_l40_b'], ['g4_l45_c', 'g4_l45_b'], ['g1_l65_a', 'g1_l55_c'], ['g2_l50_b', 'g2_l65_a'], ['g5_l80_c', 'g5_l40_b'], ['g3_l70_b', 'g3_l55_a'], ['g2_l75_b', 'g2_l45_c'], ['g3_l65_b', 'g3_l40_c'], ['g3_l80_b', 'g3_l45_a'], ['g2_l75_b', 'g2_l55_c'], ['g1_l60_c', 'g1_l40_b'], ['g2_l45_b', 'g2_l45_a'], ['g1_l65_b', 'g1_l80_a'], ['g2_l40_a', 'g2_l80_c'], ['g1_l75_c', 'g1_l75_a'], ['g5_l65_c', 'g5_l40_a'], ['g4_l75_b', 'g4_l70_c'], ['g2_l60_b', 'g2_l50_c'], ['g4_l40_a', 'g4_l75_b'], ['g4_l55_a', 'g4_l80_b'], ['g5_l40_a', 'g5_l75_c'], ['g3_l40_c', 'g3_l60_a'], ['g3_l40_c', 'g3_l40_a'], ['g1_l75_c', 'g1_l50_b'], ['g2_l70_b', 'g2_l45_a'], ['g4_l75_c', 'g4_l60_a'], ['g1_l45_b', 'g1_l50_c'], ['g3_l70_a', 'g3_l75_b'], ['g5_l60_a', 'g5_l65_c'], ['g4_l75_b', 'g4_l65_a'], ['g4_l60_a', 'g4_l40_c'], ['g2_l55_a', 'g2_l60_c'], ['g5_l70_b', 'g5_l55_c'], ['g1_l40_a', 'g1_l70_b'], ['g1_l45_c', 'g1_l80_b']]","[1, 3, 3, 3, 3, 3, 1, 1, 3, 1, 1, 2, 1, 3, 1, 1, 1, 1, 1, 1, 1, 2, 3, 3, 2, 1, 1, 1, 3, 3, 3, 3, 3, 1, 1, 1, 3, 3, 2, 1, 1, 3, 1, 3, 3]","[2, 2, 1, 1, 1, 1, 1, 1, 1, 1, 1, 2, 1, 1, 1, 2, 1, 1, 1, 1, 1, 2, 1, 1, 1, 2, 2, 2, 1, 1, 1, 1, 2, 2, 2, 2, 2, 2, 2, 2, 1, 1, 1, 1, 1]",3,"[9.099, 20.158, 6.595, 11.274, 4.246, 4.449, 5.375, 5.157, 5.898, 12.133, 4.101, 14.223, 7.338, 5.383, 4.096, 11.965, 5.085, 4.108, 4.934, 3.961, 4.102, 7.318, 8.573, 4.155, 14.234, 4.08, 13.85, 13.974, 7.645, 4.384, 4.025, 5.017, 8.834, 9.1, 7.938, 11.409, 7.289, 10.229, 15.322, 17.554, 4.693, 8.274, 6.756, 4.451, 4.293]",I looked for the drawing which had more equal distances between the dots.,2,2,4,6,1,1,666dcf5fb019fe1915d62785,2024-10-29 19:51:26,2024-10-29 20:13:06,"[1, 2, 3, 3, 3, 3, 1, 1, 3, 1, 1, 2, 1, 3, 1, 1, 1, 1, 1, 1, 1, 2, 3, 3, 2, 1, 1, 1, 3, 3, 3, 3, 2, 1, 1, 1, 3, 3, 3, 1, 1, 3, 1, 3, 3]","[30, 0, 10, 10, 40, 30, 40, 35, 30, 20, 40, 0, 10, 15, 40, 15, 30, 25, 35, 20, 20, 0, 15, 40, 0, 25, 5, 10, 35, 25, 35, 20, 0, 25, 25, 15, 5, 5, 5, 10, 20, 5, 15, 30, 35]","[1, 0, 1, 1, 1, 1, 1, 1, 1, 1, 1, 1, 1, 1, 1, 1, 1, 1, 1, 1, 1, 1, 1, 1, 1, 1, 1, 1, 1, 1, 1, 1, 0, 1, 1, 1, 1, 1, 0, 1, 1, 1, 1, 1, 1]"
18,"[['g5_l40_b', 'g5_l80_c'], ['g1_l50_a', 'g1_l80_b'], ['g2_l40_a', 'g2_l40_c'], ['g1_l45_a', 'g1_l80_b'], ['g3_l75_b', 'g3_l45_c'], ['g1_l65_c', 'g1_l45_b'], ['g1_l45_c', 'g1_l40_b'], ['g3_l50_c', 'g3_l55_a'], ['g3_l70_c', 'g3_l45_b'], ['g3_l80_c', 'g3_l70_b'], ['g3_l65_b', 'g3_l50_c'], ['g5_l50_b', 'g5_l70_c'], ['g4_l45_b', 'g4_l45_a'], ['g4_l75_b', 'g4_l40_a'], ['g4_l60_c', 'g4_l70_a'], ['g5_l50_a', 'g5_l45_b'], ['g1_l40_a', 'g1_l80_b'], ['g2_l70_b', 'g2_l45_c'], ['g5_l40_a', 'g5_l55_b'], ['g3_l80_c', 'g3_l40_a'], ['g5_l55_c', 'g5_l80_a'], ['g2_l50_a', 'g2_l70_c'], ['g2_l40_a', 'g2_l80_b'], ['g4_l45_b', 'g4_l65_a'], ['g5_l75_a', 'g5_l40_c'], ['g4_l75_c', 'g4_l45_a'], ['g2_l65_c', 'g2_l55_b'], ['g4_l45_c', 'g4_l60_a'], ['g2_l75_a', 'g2_l80_c'], ['g3_l75_c', 'g3_l40_a'], ['g4_l40_a', 'g4_l80_c'], ['g5_l70_c', 'g5_l40_b'], ['g5_l50_b', 'g5_l50_c'], ['g2_l70_c', 'g2_l55_b'], ['g4_l55_c', 'g4_l60_b'], ['g2_l75_b', 'g2_l45_a'], ['g3_l75_c', 'g3_l55_a'], ['g4_l45_b', 'g4_l70_a'], ['g1_l80_c', 'g1_l80_b'], ['g5_l60_a', 'g5_l70_b'], ['g2_l75_b', 'g2_l40_c'], ['g3_l50_b', 'g3_l50_c'], ['g1_l60_c', 'g1_l70_b'], ['g1_l65_a', 'g1_l80_c'], ['g1_l50_b', 'g1_l75_c']]","[3, 3, 2, 3, 2, 2, 2, 2, 2, 1, 2, 3, 2, 2, 3, 2, 3, 1, 2, 2, 3, 3, 3, 2, 1, 2, 2, 1, 2, 2, 2, 2, 2, 1, 2, 1, 2, 3, 2, 3, 1, 2, 3, 3, 3]","[1, 1, 1, 1, 2, 1, 1, 1, 2, 1, 1, 1, 1, 2, 1, 1, 1, 1, 1, 2, 1, 1, 1, 1, 1, 1, 1, 1, 1, 1, 2, 1, 1, 1, 2, 1, 1, 1, 1, 1, 1, 1, 1, 1, 1]",3,"[22.348, 31.775, 9.984, 8.471, 14.888, 6.183, 7.546, 4.51, 11.79, 10.865, 12.588, 10.494, 8.17, 27.29, 6.296, 4.695, 10.561, 10.348, 7.523, 65.511, 4.898, 9.063, 6.612, 22.899, 7.459, 4.214, 10.239, 8.942, 3.711, 19.165, 69.462, 7.299, 3.618, 3.945, 9.121, 4.075, 9.786, 7.13, 3.653, 4.043, 10.483, 3.414, 9.763, 4.398, 3.681]",The number of nodes and distance between each point ,2,2,2,2,1,1,6697d1f9182b84d6c51f1486,2024-10-29 20:00:04,2024-10-29 20:19:38,"[3, 3, 2, 3, 1, 1, 1, 3, 1, 1, 1, 3, 2, 1, 3, 1, 3, 1, 3, 1, 3, 3, 3, 3, 1, 1, 1, 3, 3, 1, 3, 1, 2, 1, 3, 1, 1, 3, 2, 3, 1, 2, 3, 3, 3]","[40, 30, 0, 35, 30, 20, 5, 5, 25, 10, 15, 20, 0, 35, 10, 5, 40, 25, 15, 40, 25, 20, 40, 20, 35, 30, 10, 15, 5, 35, 40, 30, 0, 15, 5, 30, 20, 25, 0, 10, 35, 0, 10, 15, 25]","[1, 1, 1, 1, 0, 0, 0, 0, 0, 1, 0, 1, 1, 0, 1, 0, 1, 1, 0, 0, 1, 1, 1, 0, 1, 0, 0, 0, 0, 0, 0, 0, 1, 1, 0, 1, 0, 1, 1, 1, 1, 1, 1, 1, 1]"
19,"[['g3_l50_b', 'g3_l80_a'], ['g1_l50_a', 'g1_l70_c'], ['g5_l50_a', 'g5_l80_b'], ['g4_l70_c', 'g4_l50_a'], ['g4_l80_b', 'g4_l40_c'], ['g1_l40_a', 'g1_l80_c'], ['g2_l70_a', 'g2_l45_b'], ['g5_l40_a', 'g5_l45_b'], ['g4_l40_b', 'g4_l40_a'], ['g4_l60_c', 'g4_l75_b'], ['g4_l45_c', 'g4_l50_b'], ['g2_l55_b', 'g2_l55_a'], ['g2_l80_b', 'g2_l40_c'], ['g3_l45_c', 'g3_l40_b'], ['g1_l45_a', 'g1_l75_b'], ['g5_l75_c', 'g5_l75_b'], ['g5_l65_c', 'g5_l40_b'], ['g2_l60_c', 'g2_l80_a'], ['g2_l70_b', 'g2_l40_a'], ['g2_l55_b', 'g2_l60_c'], ['g2_l80_a', 'g2_l45_b'], ['g5_l40_c', 'g5_l75_a'], ['g4_l75_b', 'g4_l65_a'], ['g3_l75_b', 'g3_l60_a'], ['g3_l80_c', 'g3_l40_a'], ['g1_l40_a', 'g1_l55_b'], ['g5_l80_b', 'g5_l60_c'], ['g3_l65_a', 'g3_l55_c'], ['g2_l50_c', 'g2_l40_a'], ['g4_l80_c', 'g4_l55_b'], ['g4_l80_c', 'g4_l45_b'], ['g5_l45_a', 'g5_l55_b'], ['g3_l70_c', 'g3_l45_b'], ['g5_l80_a', 'g5_l40_c'], ['g1_l55_a', 'g1_l80_c'], ['g1_l80_a', 'g1_l80_c'], ['g3_l65_b', 'g3_l65_c'], ['g1_l45_a', 'g1_l80_c'], ['g4_l40_b', 'g4_l70_a'], ['g1_l65_b', 'g1_l75_c'], ['g5_l65_c', 'g5_l50_a'], ['g3_l75_c', 'g3_l40_a'], ['g1_l75_b', 'g1_l80_c'], ['g3_l75_c', 'g3_l55_b'], ['g2_l65_a', 'g2_l50_b']]","[3, 3, 3, 1, 1, 3, 1, 3, 3, 3, 3, 3, 1, 2, 3, 2, 1, 3, 1, 2, 1, 3, 1, 2, 1, 1, 1, 2, 3, 1, 1, 2, 1, 1, 3, 2, 3, 3, 3, 3, 1, 2, 2, 1, 2]","[1, 1, 1, 1, 1, 1, 1, 1, 1, 1, 1, 2, 1, 1, 1, 1, 1, 1, 1, 1, 1, 1, 1, 1, 1, 1, 1, 1, 1, 1, 1, 2, 2, 1, 1, 1, 1, 1, 1, 1, 1, 1, 1, 1, 1]",4,"[3.665, 5.39, 3.301, 5.654, 4.338, 8.643, 3.14, 7.237, 8.083, 4.054, 6.431, 5.069, 6.791, 4.043, 2.933, 2.611, 6.762, 3.775, 3.28, 3.34, 2.559, 3.66, 2.678, 3.33, 3.749, 2.512, 4.147, 6.485, 4.937, 3.39, 4.272, 3.177, 5.013, 8.59, 2.871, 3.173, 3.335, 6.56, 6.202, 5.319, 6.52, 3.184, 3.929, 4.547, 3.856]",The length and steepness of the lines between each point,2,2,3,3,1,1,66b934ae018a8555768a3ecc,2024-10-29 20:12:08,2024-10-29 20:21:41,"[3, 3, 3, 1, 1, 3, 1, 3, 2, 3, 3, 2, 1, 1, 3, 2, 1, 3, 1, 3, 1, 3, 1, 1, 1, 3, 1, 1, 1, 1, 1, 3, 1, 1, 3, 2, 2, 3, 3, 3, 1, 1, 3, 1, 1]","[30, 20, 30, 20, 40, 40, 25, 5, 0, 15, 5, 0, 40, 5, 30, 0, 25, 20, 30, 5, 35, 35, 10, 15, 40, 15, 20, 10, 10, 25, 35, 10, 25, 40, 25, 0, 0, 35, 30, 10, 15, 35, 5, 20, 15]","[1, 1, 1, 1, 1, 1, 1, 1, 0, 1, 1, 0, 1, 0, 1, 1, 1, 1, 1, 0, 1, 1, 1, 0, 1, 0, 1, 0, 0, 1, 1, 0, 1, 1, 1, 1, 0, 1, 1, 1, 1, 0, 0, 1, 0]"
20,"[['g1_l55_c', 'g1_l50_b'], ['g1_l45_c', 'g1_l60_b'], ['g1_l75_c', 'g1_l40_b'], ['g2_l60_a', 'g2_l65_c'], ['g3_l45_b', 'g3_l80_c'], ['g4_l60_a', 'g4_l65_c'], ['g3_l45_c', 'g3_l40_a'], ['g5_l40_a', 'g5_l65_b'], ['g1_l60_c', 'g1_l70_a'], ['g1_l50_b', 'g1_l70_c'], ['g5_l40_b', 'g5_l70_a'], ['g2_l45_c', 'g2_l45_b'], ['g5_l75_c', 'g5_l40_b'], ['g1_l45_a', 'g1_l45_b'], ['g2_l55_c', 'g2_l80_a'], ['g4_l50_c', 'g4_l50_a'], ['g4_l60_a', 'g4_l75_c'], ['g2_l40_c', 'g2_l80_a'], ['g4_l70_b', 'g4_l50_a'], ['g3_l60_a', 'g3_l60_b'], ['g3_l50_a', 'g3_l75_b'], ['g5_l40_b', 'g5_l45_c'], ['g4_l80_b', 'g4_l45_a'], ['g4_l50_a', 'g4_l75_b'], ['g5_l75_c', 'g5_l60_b'], ['g1_l45_b', 'g1_l70_c'], ['g2_l65_c', 'g2_l45_a'], ['g5_l60_a', 'g5_l70_b'], ['g2_l45_c', 'g2_l80_b'], ['g3_l80_b', 'g3_l40_a'], ['g1_l80_a', 'g1_l40_b'], ['g5_l65_b', 'g5_l45_c'], ['g4_l40_c', 'g4_l80_a'], ['g5_l45_a', 'g5_l45_b'], ['g5_l80_b', 'g5_l40_a'], ['g3_l40_b', 'g3_l50_a'], ['g3_l70_b', 'g3_l55_c'], ['g4_l70_b', 'g4_l40_c'], ['g2_l45_b', 'g2_l75_c'], ['g2_l60_c', 'g2_l50_a'], ['g4_l50_a', 'g4_l40_c'], ['g1_l50_c', 'g1_l80_b'], ['g3_l40_b', 'g3_l60_a'], ['g3_l75_b', 'g3_l45_c'], ['g2_l80_b', 'g2_l65_c']]","[1, 1, 1, 2, 3, 2, 2, 3, 2, 3, 3, 1, 1, 2, 3, 1, 3, 3, 2, 2, 3, 2, 1, 3, 1, 1, 2, 3, 3, 1, 1, 3, 1, 2, 3, 1, 2, 3, 3, 3, 3, 3, 1, 1, 1]","[1, 1, 1, 2, 1, 1, 1, 2, 1, 1, 1, 1, 1, 1, 1, 2, 1, 1, 2, 1, 1, 1, 1, 2, 1, 2, 2, 1, 1, 1, 1, 1, 2, 1, 1, 1, 1, 1, 1, 1, 1, 1, 2, 2, 1]",1,"[7.577, 17.681, 8.717, 10.895, 10.459, 14.479, 7.65, 12.968, 6.453, 12.647, 6.936, 7.001, 6.108, 8.715, 5.667, 8.197, 5.907, 5.312, 8.042, 5.543, 7.807, 5.918, 6.189, 11.118, 5.699, 4.959, 15.827, 5.631, 6.407, 7.896, 5.602, 4.608, 7.477, 5.316, 7.974, 8.072, 6.184, 5.097, 5.123, 4.613, 5.69, 4.776, 4.73, 5.36, 8.389]",I tried quick visualisation of pathways,2,2,4,6,2,1,66f5366c7e5543684f266590,2024-10-29 20:13:01,2024-10-29 20:29:37,"[1, 3, 1, 3, 3, 3, 1, 3, 3, 3, 3, 2, 1, 2, 3, 2, 3, 3, 1, 2, 3, 3, 1, 3, 1, 3, 1, 3, 3, 1, 1, 1, 3, 2, 1, 3, 1, 1, 3, 1, 1, 3, 3, 1, 1]","[5, 15, 35, 5, 35, 5, 5, 25, 10, 20, 30, 0, 35, 0, 25, 0, 15, 40, 20, 0, 25, 5, 35, 25, 15, 25, 20, 10, 35, 40, 40, 20, 40, 0, 40, 10, 15, 30, 30, 10, 10, 30, 20, 30, 15]","[1, 0, 1, 0, 1, 0, 0, 1, 0, 1, 1, 0, 1, 1, 1, 0, 1, 1, 0, 1, 1, 0, 1, 1, 1, 0, 0, 1, 1, 1, 1, 0, 0, 1, 0, 0, 0, 0, 1, 0, 0, 1, 0, 1, 1]"
21,"[['g1_l45_a', 'g1_l55_b'], ['g4_l40_a', 'g4_l45_c'], ['g2_l60_b', 'g2_l80_a'], ['g3_l60_a', 'g3_l75_b'], ['g2_l80_b', 'g2_l40_c'], ['g3_l80_a', 'g3_l40_b'], ['g3_l40_b', 'g3_l45_c'], ['g2_l70_b', 'g2_l70_c'], ['g2_l50_a', 'g2_l75_c'], ['g5_l50_b', 'g5_l40_c'], ['g1_l75_b', 'g1_l45_c'], ['g2_l70_c', 'g2_l75_b'], ['g4_l80_a', 'g4_l45_c'], ['g5_l80_b', 'g5_l45_a'], ['g1_l65_c', 'g1_l40_a'], ['g5_l50_c', 'g5_l50_b'], ['g4_l70_a', 'g4_l50_b'], ['g1_l65_a', 'g1_l45_c'], ['g3_l80_c', 'g3_l50_b'], ['g4_l80_a', 'g4_l80_b'], ['g4_l80_c', 'g4_l55_b'], ['g1_l75_a', 'g1_l70_c'], ['g4_l70_a', 'g4_l55_b'], ['g4_l70_c', 'g4_l40_b'], ['g5_l50_b', 'g5_l70_a'], ['g1_l80_b', 'g1_l40_a'], ['g2_l40_a', 'g2_l55_c'], ['g5_l80_c', 'g5_l55_a'], ['g4_l65_a', 'g4_l75_c'], ['g1_l40_a', 'g1_l75_b'], ['g2_l60_c', 'g2_l50_a'], ['g3_l80_c', 'g3_l80_a'], ['g3_l45_b', 'g3_l70_c'], ['g2_l80_b', 'g2_l45_a'], ['g3_l50_b', 'g3_l40_c'], ['g3_l50_a', 'g3_l70_b'], ['g5_l80_a', 'g5_l40_b'], ['g5_l45_b', 'g5_l50_c'], ['g3_l40_c', 'g3_l75_b'], ['g4_l80_c', 'g4_l40_a'], ['g5_l50_c', 'g5_l65_a'], ['g5_l40_a', 'g5_l70_c'], ['g2_l45_a', 'g2_l75_c'], ['g1_l50_c', 'g1_l50_a'], ['g1_l60_a', 'g1_l45_b']]","[3, 2, 3, 1, 1, 2, 1, 2, 3, 2, 3, 2, 3, 1, 3, 2, 1, 1, 1, 2, 1, 1, 2, 1, 3, 1, 2, 1, 2, 3, 2, 2, 3, 1, 1, 3, 3, 3, 3, 2, 3, 3, 1, 2, 1]","[1, 1, 1, 1, 1, 1, 1, 1, 1, 1, 1, 1, 1, 1, 1, 1, 1, 1, 1, 1, 1, 1, 1, 1, 1, 1, 1, 1, 1, 1, 1, 1, 1, 1, 1, 1, 1, 1, 1, 1, 1, 1, 1, 1, 1]",3,"[8.706, 5.74, 8.989, 23.675, 6.014, 3.515, 6.348, 29.768, 8.953, 7.533, 6.66, 2.19, 3.766, 4.971, 5.705, 2.768, 6.24, 3.174, 7.811, 2.586, 3.535, 5.852, 3.084, 5.593, 4.194, 6.412, 19.599, 4.864, 9.992, 11.058, 3.09, 3.885, 7.747, 10.232, 3.455, 2.707, 7.54, 5.706, 13.057, 2.118, 10.561, 3.138, 2.423, 2.364, 16.474]","Compared both networks and seen the distance between each paths, i gathered from looking at the image which had a lower level of stress by paths being closer together than all over the network.",1,3,3,6,1,1,62a103f969f9ab4f9722da51,2024-10-29 20:18:48,2024-10-29 20:32:08,"[3, 3, 3, 3, 1, 1, 3, 2, 3, 1, 1, 3, 1, 1, 1, 2, 1, 1, 1, 2, 1, 1, 1, 1, 3, 1, 3, 1, 3, 3, 1, 2, 3, 1, 1, 3, 1, 3, 3, 1, 3, 3, 3, 2, 1]","[10, 5, 20, 15, 40, 40, 5, 0, 25, 10, 30, 5, 35, 35, 25, 0, 20, 20, 30, 0, 25, 5, 15, 30, 20, 40, 15, 25, 10, 35, 10, 0, 25, 35, 10, 20, 40, 5, 35, 40, 15, 30, 30, 0, 15]","[1, 0, 1, 0, 1, 0, 0, 1, 1, 0, 0, 0, 0, 1, 0, 1, 1, 1, 1, 1, 1, 1, 0, 1, 1, 1, 0, 1, 0, 1, 0, 1, 1, 1, 1, 1, 0, 1, 1, 0, 1, 1, 0, 1, 1]"
22,"[['g4_l70_a', 'g4_l50_b'], ['g4_l80_c', 'g4_l50_b'], ['g5_l45_a', 'g5_l70_c'], ['g1_l55_a', 'g1_l50_c'], ['g1_l80_c', 'g1_l50_a'], ['g4_l80_a', 'g4_l40_b'], ['g5_l60_a', 'g5_l40_c'], ['g4_l50_b', 'g4_l50_c'], ['g3_l75_a', 'g3_l45_c'], ['g3_l70_c', 'g3_l50_b'], ['g4_l40_c', 'g4_l75_b'], ['g2_l65_c', 'g2_l60_b'], ['g3_l70_c', 'g3_l65_a'], ['g2_l70_c', 'g2_l40_a'], ['g3_l40_b', 'g3_l65_a'], ['g5_l40_a', 'g5_l45_b'], ['g2_l70_a', 'g2_l45_c'], ['g1_l60_b', 'g1_l40_c'], ['g3_l45_a', 'g3_l60_c'], ['g5_l60_c', 'g5_l70_b'], ['g1_l40_c', 'g1_l75_a'], ['g3_l80_b', 'g3_l45_a'], ['g4_l75_a', 'g4_l70_c'], ['g5_l80_b', 'g5_l65_a'], ['g3_l40_c', 'g3_l80_a'], ['g1_l40_a', 'g1_l80_c'], ['g5_l75_a', 'g5_l40_c'], ['g1_l80_c', 'g1_l65_b'], ['g2_l55_c', 'g2_l55_b'], ['g2_l80_c', 'g2_l40_a'], ['g2_l80_c', 'g2_l60_b'], ['g2_l40_b', 'g2_l75_c'], ['g1_l65_b', 'g1_l55_c'], ['g3_l70_c', 'g3_l60_b'], ['g2_l70_b', 'g2_l80_a'], ['g4_l40_c', 'g4_l55_a'], ['g4_l55_a', 'g4_l45_c'], ['g5_l80_c', 'g5_l40_a'], ['g2_l75_b', 'g2_l60_c'], ['g5_l80_b', 'g5_l50_c'], ['g1_l45_b', 'g1_l45_c'], ['g5_l70_b', 'g5_l70_a'], ['g3_l75_b', 'g3_l75_a'], ['g4_l50_c', 'g4_l75_b'], ['g1_l40_c', 'g1_l65_b']]","[1, 1, 3, 2, 1, 1, 2, 2, 1, 2, 2, 2, 2, 2, 3, 2, 2, 1, 2, 2, 2, 2, 2, 1, 2, 2, 1, 1, 2, 1, 1, 3, 2, 3, 3, 2, 2, 1, 2, 1, 2, 2, 2, 3, 3]","[1, 2, 1, 1, 1, 1, 1, 1, 1, 2, 1, 2, 1, 2, 2, 2, 2, 2, 2, 2, 1, 2, 2, 2, 2, 2, 2, 1, 2, 1, 1, 1, 2, 2, 1, 2, 2, 1, 2, 2, 2, 2, 2, 2, 2]",4,"[5.312, 14.385, 3.9, 7.993, 4.399, 4.801, 5.007, 3.345, 8.561, 10.549, 5.789, 11.021, 3.964, 6.048, 8.176, 2.678, 3.302, 5.291, 7.732, 7.348, 4.967, 5.833, 7.884, 8.395, 5.014, 6.555, 5.229, 6.375, 3.795, 3.751, 5.236, 5.378, 6.817, 10.124, 5.329, 7.028, 2.826, 3.973, 3.949, 3.665, 2.552, 5.55, 7.477, 3.801, 5.095]",i looked at the distance between the items and tried to gauge how equally distanced items were compared to the other diagram,3,3,3,3,1,1,5ee68f115b2240401d54114b,2024-10-29 20:21:31,2024-10-29 20:33:28,"[1, 1, 3, 1, 1, 1, 1, 2, 1, 1, 3, 1, 1, 1, 3, 3, 1, 1, 3, 3, 3, 1, 1, 1, 3, 3, 1, 1, 2, 1, 1, 3, 1, 1, 3, 3, 1, 1, 1, 1, 2, 2, 2, 3, 3]","[20, 30, 25, 5, 30, 40, 20, 0, 30, 20, 35, 5, 5, 30, 25, 5, 25, 20, 15, 10, 35, 35, 5, 15, 40, 40, 35, 15, 0, 40, 20, 35, 10, 10, 10, 15, 10, 40, 15, 30, 0, 0, 0, 25, 25]","[1, 1, 1, 0, 1, 1, 0, 1, 1, 0, 0, 0, 0, 0, 1, 0, 0, 1, 0, 0, 0, 0, 0, 1, 0, 0, 1, 1, 1, 1, 1, 1, 0, 0, 1, 0, 0, 1, 0, 1, 1, 1, 1, 1, 1]"
23,"[['g4_l40_c', 'g4_l80_a'], ['g1_l45_b', 'g1_l80_c'], ['g3_l45_b', 'g3_l60_a'], ['g2_l45_c', 'g2_l75_a'], ['g4_l70_c', 'g4_l70_a'], ['g5_l70_a', 'g5_l40_b'], ['g3_l65_a', 'g3_l40_c'], ['g3_l55_c', 'g3_l60_a'], ['g1_l80_a', 'g1_l65_c'], ['g1_l55_b', 'g1_l60_c'], ['g1_l40_a', 'g1_l65_b'], ['g4_l60_a', 'g4_l65_b'], ['g1_l55_c', 'g1_l55_a'], ['g1_l80_a', 'g1_l40_c'], ['g1_l45_a', 'g1_l55_b'], ['g3_l75_b', 'g3_l40_c'], ['g1_l80_b', 'g1_l50_c'], ['g2_l40_a', 'g2_l60_c'], ['g2_l75_c', 'g2_l40_a'], ['g3_l75_c', 'g3_l45_b'], ['g5_l60_b', 'g5_l40_c'], ['g5_l70_a', 'g5_l80_c'], ['g1_l75_b', 'g1_l55_c'], ['g4_l75_a', 'g4_l40_b'], ['g5_l75_a', 'g5_l40_b'], ['g2_l60_b', 'g2_l55_c'], ['g2_l80_c', 'g2_l40_b'], ['g4_l45_a', 'g4_l70_b'], ['g2_l80_a', 'g2_l80_c'], ['g3_l65_a', 'g3_l45_c'], ['g3_l50_b', 'g3_l50_c'], ['g4_l75_b', 'g4_l45_c'], ['g3_l45_c', 'g3_l55_a'], ['g2_l55_a', 'g2_l40_b'], ['g5_l45_c', 'g5_l50_b'], ['g2_l55_a', 'g2_l80_b'], ['g5_l80_c', 'g5_l80_b'], ['g4_l50_b', 'g4_l65_a'], ['g5_l60_c', 'g5_l75_b'], ['g2_l55_b', 'g2_l45_a'], ['g4_l45_b', 'g4_l65_a'], ['g4_l55_b', 'g4_l65_a'], ['g5_l40_c', 'g5_l80_a'], ['g3_l40_b', 'g3_l80_a'], ['g5_l70_b', 'g5_l45_a']]","[3, 3, 3, 3, 2, 3, 3, 1, 1, 2, 3, 3, 2, 1, 2, 1, 1, 3, 1, 1, 2, 3, 1, 1, 1, 2, 1, 2, 2, 1, 2, 1, 3, 1, 1, 3, 2, 2, 3, 2, 2, 2, 3, 3, 1]","[1, 1, 1, 1, 2, 1, 1, 2, 1, 2, 1, 1, 1, 1, 1, 1, 1, 1, 1, 2, 2, 1, 1, 1, 1, 2, 1, 1, 1, 2, 2, 1, 2, 1, 1, 1, 1, 1, 1, 1, 1, 2, 1, 1, 1]",4,"[6.567, 3.771, 3.964, 5.411, 20.727, 7.53, 4.549, 12.594, 5.736, 3.676, 10.791, 4.217, 5.292, 4.031, 3.435, 4.478, 3.258, 5.496, 5.89, 13.289, 4.039, 4.381, 3.902, 3.661, 4.078, 4.304, 3.146, 6.066, 4.827, 3.724, 3.465, 2.958, 4.743, 5.631, 3.676, 3.31, 3.563, 4.316, 18.403, 3.423, 3.725, 3.364, 4.208, 3.847, 3.893]",Tried to determine which had the more unbroken lines,2,2,3,7,2,1,5838532eaac091000137f09e,2024-10-29 20:41:56,2024-10-29 20:52:04,"[3, 3, 3, 3, 2, 1, 1, 3, 1, 3, 3, 3, 2, 1, 3, 1, 1, 3, 1, 1, 1, 3, 1, 1, 1, 1, 1, 3, 2, 1, 2, 1, 3, 1, 3, 3, 2, 3, 3, 1, 3, 3, 3, 3, 1]","[40, 35, 15, 30, 0, 30, 25, 5, 15, 5, 25, 5, 0, 40, 10, 35, 30, 20, 35, 30, 20, 10, 20, 35, 35, 5, 40, 25, 0, 20, 0, 30, 10, 15, 5, 25, 0, 15, 15, 10, 20, 10, 40, 40, 25]","[1, 1, 1, 1, 1, 0, 0, 0, 1, 0, 1, 1, 1, 1, 0, 1, 1, 1, 1, 1, 0, 1, 1, 1, 1, 0, 1, 0, 1, 1, 1, 1, 1, 1, 0, 1, 1, 0, 1, 0, 0, 0, 1, 1, 1]"
24,"[['g3_l50_a', 'g3_l70_c'], ['g2_l70_a', 'g2_l75_c'], ['g2_l45_b', 'g2_l45_c'], ['g1_l60_c', 'g1_l65_a'], ['g4_l45_a', 'g4_l60_b'], ['g4_l40_c', 'g4_l80_a'], ['g5_l45_b', 'g5_l45_c'], ['g1_l80_c', 'g1_l45_a'], ['g5_l50_a', 'g5_l75_c'], ['g2_l65_c', 'g2_l55_a'], ['g5_l55_a', 'g5_l75_c'], ['g4_l65_a', 'g4_l55_b'], ['g1_l40_c', 'g1_l70_b'], ['g3_l60_c', 'g3_l55_a'], ['g3_l75_c', 'g3_l60_a'], ['g3_l80_b', 'g3_l50_a'], ['g4_l45_b', 'g4_l65_a'], ['g5_l80_b', 'g5_l70_a'], ['g3_l60_c', 'g3_l60_b'], ['g3_l75_c', 'g3_l40_b'], ['g1_l40_a', 'g1_l80_b'], ['g2_l40_c', 'g2_l65_b'], ['g3_l70_b', 'g3_l60_c'], ['g4_l80_b', 'g4_l45_c'], ['g4_l65_a', 'g4_l40_c'], ['g3_l80_b', 'g3_l40_c'], ['g4_l60_b', 'g4_l60_c'], ['g2_l45_c', 'g2_l75_b'], ['g2_l45_c', 'g2_l60_b'], ['g2_l45_a', 'g2_l80_b'], ['g5_l45_c', 'g5_l80_b'], ['g4_l80_b', 'g4_l50_a'], ['g3_l50_c', 'g3_l75_a'], ['g1_l45_b', 'g1_l70_c'], ['g5_l80_c', 'g5_l50_a'], ['g5_l80_b', 'g5_l65_c'], ['g1_l80_a', 'g1_l80_c'], ['g5_l55_a', 'g5_l60_b'], ['g4_l75_b', 'g4_l80_c'], ['g2_l40_b', 'g2_l80_c'], ['g5_l80_a', 'g5_l40_c'], ['g1_l80_c', 'g1_l65_b'], ['g2_l75_b', 'g2_l55_c'], ['g1_l75_b', 'g1_l65_a'], ['g1_l40_b', 'g1_l60_a']]","[3, 3, 3, 3, 1, 3, 2, 1, 3, 2, 3, 2, 3, 2, 1, 1, 3, 1, 2, 1, 3, 3, 1, 1, 1, 1, 2, 3, 2, 3, 3, 1, 3, 3, 1, 1, 2, 1, 3, 3, 1, 1, 1, 1, 2]","[1, 1, 2, 1, 1, 1, 2, 1, 1, 2, 1, 2, 1, 2, 1, 1, 1, 1, 2, 1, 1, 1, 1, 1, 2, 1, 1, 1, 2, 1, 1, 1, 1, 1, 1, 1, 1, 1, 1, 1, 1, 1, 1, 1, 2]",2,"[11.138, 22.116, 34.464, 31.416, 22.419, 9.948, 14.48, 9.133, 6.087, 30.541, 15.194, 23.328, 7.786, 21.644, 10.727, 5.193, 23.045, 7.764, 19.665, 12.667, 6.696, 7.443, 19.664, 4.236, 30.247, 4.512, 15.128, 7.002, 10.16, 4.698, 4.543, 4.536, 6.665, 10.078, 7.982, 10.366, 6.843, 16.437, 6.496, 3.845, 4.68, 4.483, 5.197, 7.083, 10.552]",Comparing the length of lines between the red dots on both images,1,3,4,3,1,1,66def1304e37adb3349f648f,2024-10-29 20:38:19,2024-10-29 21:01:57,"[3, 3, 2, 3, 3, 3, 2, 1, 3, 1, 3, 1, 3, 1, 1, 1, 3, 1, 2, 1, 3, 3, 1, 1, 1, 1, 2, 3, 3, 3, 3, 1, 3, 3, 1, 1, 2, 3, 3, 3, 1, 1, 1, 1, 3]","[20, 5, 0, 5, 15, 40, 0, 35, 25, 10, 20, 10, 30, 5, 15, 30, 20, 10, 0, 35, 40, 25, 10, 35, 25, 40, 0, 30, 15, 35, 35, 30, 25, 25, 30, 15, 0, 5, 5, 40, 40, 15, 20, 10, 20]","[1, 1, 0, 1, 0, 1, 1, 1, 1, 0, 1, 0, 1, 0, 1, 1, 1, 1, 1, 1, 1, 1, 1, 1, 1, 1, 1, 1, 0, 1, 1, 1, 1, 1, 1, 1, 1, 0, 1, 1, 1, 1, 1, 1, 0]"
