,drawings,answers,time,strategy,overall_confidence,difficulty,familiarity,age,gender,Finished,prolific_id,StartDate,EndDate,stress_familiarity,correct_answers,deltas,accuracy
0,"[['g4_l40_c', 'g4_l45_b'], ['g5_l70_a', 'g5_l65_c'], ['g2_l50_c', 'g2_l60_b'], ['g5_l50_b', 'g5_l80_a'], ['g2_l50_b', 'g2_l70_c'], ['g1_l55_a', 'g1_l55_c'], ['g2_l40_b', 'g2_l75_a'], ['g4_l80_c', 'g4_l40_b'], ['g4_l40_c', 'g4_l40_b'], ['g3_l45_c', 'g3_l60_a'], ['g4_l60_c', 'g4_l40_a'], ['g2_l40_c', 'g2_l80_b'], ['g3_l55_b', 'g3_l75_c'], ['g5_l40_a', 'g5_l50_c'], ['g5_l70_a', 'g5_l45_b'], ['g3_l70_c', 'g3_l45_b'], ['g1_l50_a', 'g1_l55_c'], ['g3_l80_a', 'g3_l45_b'], ['g1_l70_a', 'g1_l55_b'], ['g2_l40_b', 'g2_l55_a'], ['g2_l75_c', 'g2_l70_a'], ['g4_l65_a', 'g4_l50_b'], ['g5_l75_c', 'g5_l40_b'], ['g2_l70_c', 'g2_l45_a'], ['g3_l80_c', 'g3_l40_b'], ['g5_l40_c', 'g5_l80_b'], ['g4_l75_c', 'g4_l45_a'], ['g2_l50_c', 'g2_l50_a'], ['g1_l80_b', 'g1_l50_c'], ['g5_l60_c', 'g5_l60_a'], ['g5_l55_a', 'g5_l70_b'], ['g2_l40_a', 'g2_l70_b'], ['g1_l40_a', 'g1_l75_c'], ['g1_l55_c', 'g1_l65_a'], ['g1_l70_a', 'g1_l45_b'], ['g4_l55_b', 'g4_l45_a'], ['g4_l70_c', 'g4_l45_a'], ['g3_l50_b', 'g3_l60_c'], ['g1_l80_b', 'g1_l40_a'], ['g5_l50_c', 'g5_l70_a'], ['g3_l50_c', 'g3_l55_b'], ['g3_l50_c', 'g3_l50_b'], ['g1_l45_c', 'g1_l65_a'], ['g4_l40_c', 'g4_l75_a'], ['g3_l50_c', 'g3_l80_a']]","[2, 1, 2, 2, 2, 2, 1, 1, 1, 1, 1, 1, 2, 2, 1, 1, 2, 2, 2, 1, 2, 2, 2, 1, 1, 2, 1, 1, 1, 1, 1, 1, 1, 1, 1, 1, 2, 2, 1, 1, 2, 2, 1, 2, 2]","[9.26, 6.925, 3.821, 9.326, 3.004, 6.12, 7.617, 10.086, 4.43, 10.066, 6.692, 4.501, 5.791, 15.766, 7.076, 3.273, 2.626, 4.164, 4.24, 3.133, 2.652, 4.452, 5.324, 7.48, 11.186, 10.295, 3.106, 5.153, 2.407, 4.567, 2.882, 2.48, 4.1, 2.708, 2.14, 6.058, 2.909, 2.604, 4.088, 3.486, 2.272, 2.454, 4.849, 3.553, 2.639]",How easy lines were to follow,3,2,3,2,1,1,5c68037e4ecdae0001d8b480,2024-10-24 16:23:10,2024-10-24 16:31:00,3,"[3, 1, 3, 3, 3, 2, 3, 1, 2, 3, 1, 3, 3, 3, 1, 1, 3, 1, 1, 3, 1, 1, 1, 1, 1, 3, 1, 2, 1, 2, 3, 3, 3, 3, 1, 1, 1, 3, 1, 3, 3, 2, 3, 3, 3]","[5, 5, 10, 30, 20, 0, 35, 40, 0, 15, 20, 40, 20, 10, 25, 25, 5, 35, 15, 15, 5, 15, 35, 25, 40, 40, 30, 0, 30, 0, 15, 30, 35, 10, 25, 10, 25, 10, 40, 20, 5, 0, 20, 35, 30]","[1, 1, 1, 1, 1, -1, 0, 1, -1, 0, 1, 0, 1, 1, 1, 1, 1, 0, 0, 0, 0, 0, 0, 1, 1, 1, 1, -1, 1, -1, 0, 0, 0, 0, 1, 1, 0, 1, 1, 0, 1, -1, 0, 1, 1]"
1,"[['g4_l80_b', 'g4_l40_a'], ['g4_l40_c', 'g4_l40_b'], ['g5_l40_b', 'g5_l45_a'], ['g3_l40_b', 'g3_l60_a'], ['g2_l75_c', 'g2_l65_a'], ['g1_l80_c', 'g1_l50_b'], ['g3_l80_b', 'g3_l80_a'], ['g5_l70_a', 'g5_l45_b'], ['g2_l60_a', 'g2_l45_c'], ['g5_l60_b', 'g5_l70_c'], ['g3_l50_c', 'g3_l60_a'], ['g2_l60_b', 'g2_l65_c'], ['g3_l40_b', 'g3_l80_c'], ['g1_l70_b', 'g1_l70_c'], ['g5_l70_c', 'g5_l40_a'], ['g1_l40_a', 'g1_l75_b'], ['g1_l80_a', 'g1_l75_b'], ['g1_l80_c', 'g1_l40_b'], ['g1_l65_c', 'g1_l75_a'], ['g3_l40_b', 'g3_l70_c'], ['g5_l45_b', 'g5_l45_c'], ['g1_l75_a', 'g1_l50_b'], ['g4_l65_a', 'g4_l70_c'], ['g5_l55_a', 'g5_l70_c'], ['g4_l60_a', 'g4_l45_c'], ['g3_l80_b', 'g3_l55_a'], ['g2_l65_a', 'g2_l40_b'], ['g5_l65_a', 'g5_l45_c'], ['g5_l80_c', 'g5_l45_a'], ['g2_l45_b', 'g2_l80_c'], ['g2_l75_a', 'g2_l75_b'], ['g2_l80_b', 'g2_l50_c'], ['g1_l65_c', 'g1_l45_b'], ['g2_l80_a', 'g2_l40_c'], ['g4_l80_b', 'g4_l45_c'], ['g4_l50_b', 'g4_l70_a'], ['g3_l50_a', 'g3_l65_b'], ['g3_l75_a', 'g3_l40_c'], ['g4_l50_b', 'g4_l75_c'], ['g3_l70_c', 'g3_l75_b'], ['g4_l50_c', 'g4_l60_a'], ['g4_l70_a', 'g4_l40_b'], ['g2_l80_b', 'g2_l60_c'], ['g1_l80_a', 'g1_l65_c'], ['g5_l80_c', 'g5_l40_a']]","[1, 2, 2, 2, 2, 1, 1, 1, 1, 1, 2, 1, 2, 2, 1, 2, 1, 1, 2, 2, 2, 1, 2, 2, 2, 1, 1, 1, 1, 2, 1, 1, 1, 1, 1, 2, 2, 1, 2, 2, 2, 1, 1, 1, 1]","[3.43, 8.508, 5.952, 6.333, 6.966, 3.576, 5.419, 2.639, 3.133, 6.055, 2.958, 13.762, 3.307, 4.068, 2.732, 2.496, 6.538, 2.7, 2.707, 2.167, 4.219, 2.099, 4.984, 6.051, 4.116, 2.288, 2.57, 3.81, 2.019, 4.362, 3.904, 5.374, 3.277, 20.605, 1.882, 16.597, 2.292, 2.163, 2.486, 2.848, 2.752, 2.519, 2.353, 3.957, 5.611]","Visual aspects that impacted my choice included legibility and visibility - by which I mean ease of seeing the different connections. This often correlated to larger diagrams, as they had more space and were easier visually to decipher. (I'm not sure if this is using the term correctly, but it seemed less ""stressful"" to me to do so.) These drawings with more space between lines and circles were easier and more pleasant for me to interact with, so I generally chose those.",2,3,3,3,2,1,5c5fd4ac52115f0001910a1f,2024-10-24 16:23:35,2024-10-24 16:31:00,3,"[1, 2, 3, 3, 1, 1, 2, 1, 1, 3, 3, 3, 3, 2, 1, 3, 1, 1, 3, 3, 2, 1, 3, 3, 1, 1, 1, 1, 1, 3, 2, 1, 1, 1, 1, 3, 3, 1, 3, 3, 3, 1, 1, 1, 1]","[40, 0, 5, 20, 10, 30, 0, 25, 15, 10, 10, 5, 40, 0, 30, 35, 5, 40, 10, 30, 0, 25, 5, 15, 15, 25, 25, 20, 35, 35, 0, 30, 20, 40, 35, 20, 15, 35, 25, 5, 10, 30, 20, 15, 40]","[1, -1, 1, 1, 0, 1, -1, 1, 1, 0, 1, 0, 1, -1, 1, 1, 1, 1, 1, 1, -1, 1, 1, 1, 0, 1, 1, 1, 1, 1, -1, 1, 1, 1, 1, 1, 1, 1, 1, 1, 1, 1, 1, 1, 1]"
2,"[['g2_l70_a', 'g2_l50_b'], ['g1_l75_a', 'g1_l40_b'], ['g3_l60_c', 'g3_l65_b'], ['g3_l40_b', 'g3_l75_c'], ['g3_l80_a', 'g3_l40_b'], ['g2_l65_b', 'g2_l55_a'], ['g1_l65_a', 'g1_l70_b'], ['g1_l55_c', 'g1_l40_a'], ['g3_l70_b', 'g3_l50_c'], ['g2_l80_b', 'g2_l55_c'], ['g5_l55_a', 'g5_l60_c'], ['g4_l70_a', 'g4_l65_b'], ['g4_l40_b', 'g4_l80_a'], ['g4_l50_b', 'g4_l80_a'], ['g3_l40_a', 'g3_l70_c'], ['g5_l40_a', 'g5_l70_c'], ['g1_l65_b', 'g1_l40_a'], ['g4_l75_a', 'g4_l50_c'], ['g2_l60_a', 'g2_l45_c'], ['g2_l70_a', 'g2_l65_b'], ['g4_l55_b', 'g4_l45_a'], ['g1_l45_c', 'g1_l65_a'], ['g4_l75_b', 'g4_l40_a'], ['g2_l75_b', 'g2_l45_c'], ['g4_l70_b', 'g4_l55_c'], ['g1_l40_c', 'g1_l80_a'], ['g1_l60_c', 'g1_l50_b'], ['g3_l60_a', 'g3_l60_c'], ['g2_l80_b', 'g2_l40_a'], ['g5_l70_a', 'g5_l60_b'], ['g5_l80_b', 'g5_l40_a'], ['g3_l45_b', 'g3_l55_a'], ['g4_l60_c', 'g4_l80_b'], ['g5_l40_c', 'g5_l40_a'], ['g5_l45_b', 'g5_l80_c'], ['g4_l60_a', 'g4_l60_c'], ['g5_l50_c', 'g5_l75_a'], ['g2_l40_c', 'g2_l40_a'], ['g1_l60_c', 'g1_l60_a'], ['g3_l65_c', 'g3_l40_a'], ['g5_l50_b', 'g5_l65_a'], ['g3_l60_a', 'g3_l45_b'], ['g5_l45_a', 'g5_l65_c'], ['g2_l45_a', 'g2_l80_b'], ['g1_l40_c', 'g1_l70_a']]","[1, 1, 1, 2, 1, 1, 1, 1, 1, 2, 2, 2, 2, 2, 2, 2, 2, 2, 2, 1, 2, 2, 1, 1, 1, 2, 1, 2, 2, 2, 1, 1, 2, 1, 2, 1, 2, 2, 2, 2, 2, 2, 2, 2, 2]","[3.176, 3.109, 7.196, 2.432, 5.169, 5.393, 6.865, 5.86, 2.563, 5.859, 5.575, 2.849, 2.905, 2.949, 2.736, 2.62, 2.525, 2.07, 3.027, 2.93, 2.259, 2.783, 2.405, 2.907, 2.503, 2.599, 2.985, 2.192, 2.643, 2.522, 2.31, 2.312, 2.078, 1.993, 2.028, 1.992, 1.775, 1.888, 2.646, 2.443, 3.209, 1.911, 2.245, 2.015, 2.07]","1. I prefer a drawing with larger distances between nodes. 
2. I prefer a drawing with arcs separated with each other. ",3,3,2,2,2,1,6713ebfc8436cca1db9bde81,2024-10-29 15:08:30,2024-10-29 15:14:01,3,"[1, 1, 3, 3, 1, 1, 3, 1, 1, 1, 3, 1, 3, 3, 3, 3, 1, 1, 1, 1, 1, 3, 1, 1, 1, 3, 1, 2, 1, 1, 1, 3, 3, 2, 3, 2, 3, 2, 2, 1, 3, 1, 3, 3, 3]","[20, 35, 5, 35, 40, 10, 5, 15, 20, 25, 5, 5, 40, 30, 30, 30, 25, 25, 15, 5, 10, 20, 35, 30, 15, 40, 10, 0, 40, 10, 40, 10, 20, 0, 35, 0, 25, 0, 0, 25, 15, 15, 20, 35, 30]","[1, 1, 0, 1, 1, 1, 0, 1, 1, 0, 1, 0, 1, 1, 1, 1, 0, 0, 0, 1, 0, 1, 1, 1, 1, 1, 1, -1, 0, 0, 1, 0, 1, -1, 1, -1, 1, -1, -1, 0, 1, 0, 1, 1, 1]"
3,"[['g3_l40_b', 'g3_l50_c'], ['g5_l55_c', 'g5_l50_b'], ['g1_l70_c', 'g1_l45_b'], ['g5_l60_c', 'g5_l45_a'], ['g2_l45_b', 'g2_l50_c'], ['g2_l50_a', 'g2_l60_c'], ['g5_l40_b', 'g5_l80_c'], ['g1_l80_c', 'g1_l60_a'], ['g4_l40_c', 'g4_l70_a'], ['g2_l40_b', 'g2_l75_a'], ['g2_l80_c', 'g2_l40_b'], ['g2_l50_c', 'g2_l65_b'], ['g3_l45_b', 'g3_l65_c'], ['g3_l40_c', 'g3_l80_b'], ['g4_l70_c', 'g4_l75_b'], ['g1_l45_b', 'g1_l80_a'], ['g5_l50_c', 'g5_l70_b'], ['g1_l45_b', 'g1_l40_a'], ['g1_l40_a', 'g1_l55_b'], ['g4_l80_c', 'g4_l80_a'], ['g1_l80_a', 'g1_l40_c'], ['g4_l75_c', 'g4_l40_a'], ['g5_l80_b', 'g5_l70_c'], ['g3_l45_a', 'g3_l80_c'], ['g2_l45_c', 'g2_l45_a'], ['g3_l70_b', 'g3_l40_c'], ['g2_l80_a', 'g2_l60_b'], ['g4_l80_c', 'g4_l40_a'], ['g4_l75_a', 'g4_l65_c'], ['g5_l50_a', 'g5_l75_c'], ['g2_l45_b', 'g2_l75_a'], ['g1_l40_a', 'g1_l40_b'], ['g5_l45_c', 'g5_l75_a'], ['g4_l40_a', 'g4_l65_c'], ['g1_l75_b', 'g1_l45_a'], ['g5_l55_b', 'g5_l55_a'], ['g2_l50_a', 'g2_l75_b'], ['g3_l65_c', 'g3_l70_b'], ['g3_l55_b', 'g3_l40_c'], ['g3_l75_b', 'g3_l75_a'], ['g3_l55_c', 'g3_l80_b'], ['g4_l55_b', 'g4_l40_a'], ['g5_l45_c', 'g5_l80_b'], ['g1_l80_a', 'g1_l70_b'], ['g4_l50_a', 'g4_l70_b']]","[2, 1, 2, 1, 2, 2, 2, 1, 1, 2, 1, 2, 1, 2, 2, 1, 2, 1, 2, 1, 1, 1, 1, 2, 2, 1, 1, 1, 1, 2, 2, 2, 2, 2, 1, 1, 2, 2, 1, 1, 2, 2, 2, 1, 2]","[9.55, 3.89, 14.206, 6.139, 4.929, 6.08, 9.403, 3.843, 9.832, 3.043, 3.27, 3.607, 6.332, 2.76, 3.392, 36.203, 5.147, 3.347, 4.692, 6.004, 3.423, 3.844, 3.045, 3.775, 6.723, 3.267, 3.024, 3.109, 4.052, 3.155, 3.014, 6.771, 3.931, 2.354, 2.813, 5.412, 2.742, 3.059, 6.657, 3.432, 2.88, 5.77, 2.862, 2.634, 5.679]","Overall shape - preference for a larger, more rounded shape.

Distance between dots - preference for greater distance
Number of connections coming off each dot - preference for fewer.",3,3,4,5,2,1,654b1ff28c0214e793afb8aa,2024-10-29 15:06:14,2024-10-29 15:14:11,4,"[3, 1, 1, 1, 3, 3, 3, 1, 3, 3, 1, 3, 3, 3, 3, 3, 3, 1, 3, 2, 1, 1, 1, 3, 2, 1, 1, 1, 1, 3, 3, 2, 3, 3, 1, 2, 3, 3, 1, 2, 3, 1, 3, 1, 3]","[10, 5, 25, 15, 5, 10, 40, 20, 30, 35, 40, 15, 20, 40, 5, 35, 20, 5, 15, 0, 40, 35, 10, 35, 0, 30, 20, 40, 10, 25, 30, 0, 30, 25, 30, 0, 25, 5, 15, 0, 25, 15, 35, 10, 20]","[1, 1, 0, 1, 1, 1, 1, 1, 0, 1, 1, 1, 0, 1, 1, 0, 1, 1, 1, -1, 1, 1, 1, 1, -1, 1, 1, 1, 1, 1, 1, -1, 1, 1, 1, -1, 1, 1, 1, -1, 1, 0, 1, 1, 1]"
4,"[['g3_l45_a', 'g3_l45_c'], ['g2_l55_b', 'g2_l40_a'], ['g1_l65_a', 'g1_l40_c'], ['g5_l60_b', 'g5_l60_a'], ['g3_l80_b', 'g3_l55_c'], ['g4_l55_b', 'g4_l45_a'], ['g5_l60_c', 'g5_l75_a'], ['g1_l55_b', 'g1_l40_a'], ['g2_l45_a', 'g2_l40_c'], ['g4_l80_b', 'g4_l40_c'], ['g5_l80_b', 'g5_l40_c'], ['g1_l65_b', 'g1_l45_c'], ['g2_l80_c', 'g2_l80_b'], ['g4_l75_a', 'g4_l80_b'], ['g1_l80_a', 'g1_l45_b'], ['g4_l50_a', 'g4_l75_b'], ['g2_l75_b', 'g2_l45_c'], ['g3_l60_c', 'g3_l70_a'], ['g1_l50_c', 'g1_l50_b'], ['g2_l50_a', 'g2_l60_c'], ['g2_l65_a', 'g2_l45_b'], ['g5_l40_b', 'g5_l70_c'], ['g2_l75_a', 'g2_l40_c'], ['g5_l40_a', 'g5_l75_c'], ['g3_l50_b', 'g3_l65_c'], ['g5_l50_b', 'g5_l60_c'], ['g3_l40_a', 'g3_l60_c'], ['g5_l75_a', 'g5_l70_c'], ['g3_l75_b', 'g3_l45_c'], ['g1_l70_a', 'g1_l75_b'], ['g4_l65_a', 'g4_l65_b'], ['g3_l45_b', 'g3_l80_a'], ['g5_l75_a', 'g5_l55_b'], ['g1_l40_b', 'g1_l50_c'], ['g3_l40_c', 'g3_l80_b'], ['g2_l40_b', 'g2_l80_c'], ['g4_l75_a', 'g4_l40_c'], ['g4_l55_b', 'g4_l75_a'], ['g5_l65_b', 'g5_l40_a'], ['g3_l70_c', 'g3_l75_a'], ['g1_l75_c', 'g1_l45_b'], ['g2_l65_c', 'g2_l40_b'], ['g1_l40_c', 'g1_l80_b'], ['g4_l50_b', 'g4_l80_c'], ['g4_l45_c', 'g4_l60_a']]","[2, 1, 1, 1, 1, 2, 1, 1, 2, 1, 1, 1, 1, 2, 1, 2, 1, 1, 1, 2, 1, 2, 1, 2, 2, 2, 2, 1, 2, 2, 2, 2, 1, 2, 2, 2, 1, 2, 1, 2, 1, 1, 2, 2, 2]","[5.046, 8.899, 12.458, 5.382, 5.021, 7.729, 5.332, 7.626, 6.862, 3.053, 2.409, 3.307, 2.717, 2.451, 2.496, 2.319, 2.928, 5.213, 2.593, 4.639, 3.799, 2.869, 1.974, 2.198, 3.692, 2.02, 2.04, 3.993, 3.377, 2.317, 15.729, 3.838, 3.139, 2.328, 2.386, 3.25, 1.979, 1.806, 1.986, 3.064, 2.1, 1.979, 1.719, 1.833, 2.275]","My choice was base on clear diagram, once I could I identify their traces.",1,3,2,2,2,1,6716f62222dd9611d940d8ba,2024-10-29 15:06:13,2024-10-29 15:15:03,2,"[2, 1, 1, 2, 1, 1, 3, 1, 1, 1, 1, 1, 2, 3, 1, 3, 1, 3, 2, 3, 1, 3, 1, 3, 3, 3, 3, 1, 1, 3, 2, 3, 1, 3, 3, 3, 1, 3, 1, 3, 1, 1, 3, 3, 3]","[0, 15, 25, 0, 25, 10, 15, 15, 5, 40, 40, 20, 0, 5, 35, 25, 30, 10, 0, 10, 20, 30, 35, 35, 15, 10, 20, 5, 30, 5, 0, 35, 20, 10, 40, 40, 35, 20, 25, 5, 30, 25, 40, 30, 15]","[-1, 1, 1, -1, 1, 0, 0, 1, 0, 1, 1, 1, -1, 1, 1, 1, 1, 0, -1, 1, 1, 1, 1, 1, 1, 1, 1, 1, 0, 1, -1, 1, 1, 1, 1, 1, 1, 1, 1, 1, 1, 1, 1, 1, 1]"
5,"[['g2_l55_a', 'g2_l55_b'], ['g4_l70_b', 'g4_l60_c'], ['g5_l75_b', 'g5_l45_c'], ['g2_l55_b', 'g2_l40_c'], ['g2_l65_c', 'g2_l70_b'], ['g3_l40_c', 'g3_l75_a'], ['g3_l75_c', 'g3_l55_b'], ['g4_l80_a', 'g4_l50_b'], ['g2_l50_b', 'g2_l80_c'], ['g3_l65_c', 'g3_l65_b'], ['g5_l45_b', 'g5_l70_a'], ['g2_l40_a', 'g2_l80_c'], ['g2_l70_c', 'g2_l45_b'], ['g5_l40_c', 'g5_l50_a'], ['g5_l75_c', 'g5_l55_a'], ['g1_l55_b', 'g1_l40_a'], ['g5_l55_a', 'g5_l40_c'], ['g2_l50_c', 'g2_l60_a'], ['g2_l80_c', 'g2_l45_a'], ['g2_l70_a', 'g2_l50_b'], ['g3_l40_c', 'g3_l80_a'], ['g1_l70_a', 'g1_l75_c'], ['g5_l65_a', 'g5_l70_c'], ['g1_l50_c', 'g1_l50_b'], ['g1_l40_a', 'g1_l60_c'], ['g4_l55_b', 'g4_l75_c'], ['g3_l50_c', 'g3_l75_a'], ['g3_l40_c', 'g3_l45_a'], ['g1_l80_b', 'g1_l40_c'], ['g4_l55_b', 'g4_l80_c'], ['g4_l40_a', 'g4_l75_b'], ['g5_l40_a', 'g5_l80_b'], ['g4_l50_a', 'g4_l55_c'], ['g1_l55_a', 'g1_l65_c'], ['g3_l70_b', 'g3_l80_c'], ['g1_l45_b', 'g1_l75_c'], ['g1_l40_b', 'g1_l65_c'], ['g3_l55_c', 'g3_l40_b'], ['g4_l75_b', 'g4_l75_a'], ['g5_l45_a', 'g5_l45_c'], ['g4_l80_c', 'g4_l40_b'], ['g1_l80_c', 'g1_l45_a'], ['g5_l45_c', 'g5_l80_a'], ['g3_l70_c', 'g3_l40_b'], ['g4_l50_b', 'g4_l65_c']]","[1, 2, 1, 1, 2, 2, 1, 1, 2, 2, 2, 2, 1, 1, 1, 1, 1, 2, 1, 1, 2, 2, 1, 1, 2, 2, 2, 2, 1, 2, 2, 2, 2, 2, 2, 2, 2, 1, 2, 2, 1, 1, 1, 1, 2]","[13.487, 10.954, 9.601, 7.811, 6.743, 6.929, 12.455, 7.075, 5.624, 6.503, 7.564, 10.159, 6.383, 5.935, 5.552, 7.346, 6.073, 5.238, 5.035, 5.571, 6.652, 6.496, 8.441, 6.389, 6.582, 7.437, 5.72, 5.483, 5.834, 7.137, 5.778, 5.251, 9.399, 7.434, 6.314, 6.675, 6.111, 5.867, 7.661, 6.277, 6.062, 6.658, 8.639, 5.109, 9.709]",line style and thickness.,3,4,1,2,2,1,671ce60976cfcdecff4bb015,2024-10-29 15:03:39,2024-10-29 15:18:04,1,"[2, 1, 1, 1, 3, 3, 1, 1, 3, 2, 3, 3, 1, 3, 1, 1, 1, 3, 1, 1, 3, 3, 3, 2, 3, 3, 3, 3, 1, 3, 3, 3, 3, 3, 3, 3, 3, 1, 2, 2, 1, 1, 3, 1, 3]","[0, 10, 30, 15, 5, 35, 20, 30, 30, 0, 25, 40, 25, 10, 20, 15, 15, 10, 35, 20, 40, 5, 5, 0, 20, 20, 25, 5, 40, 25, 35, 40, 5, 10, 10, 30, 25, 15, 0, 0, 40, 35, 35, 30, 15]","[-1, 0, 1, 1, 1, 1, 1, 1, 1, -1, 1, 1, 1, 0, 1, 1, 1, 1, 1, 1, 1, 1, 0, -1, 1, 1, 1, 1, 1, 1, 1, 1, 1, 1, 1, 1, 1, 1, -1, -1, 1, 1, 0, 1, 1]"
6,"[['g1_l45_a', 'g1_l65_b'], ['g3_l45_c', 'g3_l70_b'], ['g2_l55_c', 'g2_l80_a'], ['g2_l40_c', 'g2_l80_b'], ['g3_l75_b', 'g3_l45_c'], ['g3_l50_a', 'g3_l65_c'], ['g1_l50_a', 'g1_l80_b'], ['g4_l65_c', 'g4_l40_b'], ['g5_l40_c', 'g5_l80_a'], ['g3_l70_b', 'g3_l50_c'], ['g1_l55_c', 'g1_l65_b'], ['g4_l80_c', 'g4_l40_b'], ['g3_l65_b', 'g3_l65_a'], ['g5_l55_c', 'g5_l80_b'], ['g2_l40_c', 'g2_l60_b'], ['g2_l65_a', 'g2_l60_b'], ['g1_l60_c', 'g1_l45_b'], ['g3_l65_b', 'g3_l75_c'], ['g5_l60_c', 'g5_l60_b'], ['g3_l60_b', 'g3_l65_a'], ['g4_l75_c', 'g4_l45_b'], ['g1_l40_b', 'g1_l80_c'], ['g1_l60_a', 'g1_l60_c'], ['g5_l75_b', 'g5_l45_c'], ['g2_l70_c', 'g2_l40_a'], ['g5_l55_a', 'g5_l70_b'], ['g4_l40_c', 'g4_l75_b'], ['g4_l50_a', 'g4_l65_b'], ['g5_l55_b', 'g5_l60_c'], ['g1_l75_a', 'g1_l70_b'], ['g2_l55_a', 'g2_l70_b'], ['g3_l40_c', 'g3_l80_a'], ['g2_l60_c', 'g2_l60_b'], ['g5_l40_c', 'g5_l50_b'], ['g1_l70_b', 'g1_l45_a'], ['g1_l40_b', 'g1_l75_c'], ['g4_l45_a', 'g4_l55_b'], ['g2_l50_c', 'g2_l60_b'], ['g5_l80_b', 'g5_l45_a'], ['g4_l45_a', 'g4_l65_b'], ['g4_l45_a', 'g4_l50_c'], ['g5_l55_b', 'g5_l75_a'], ['g3_l75_b', 'g3_l40_a'], ['g4_l40_c', 'g4_l40_a'], ['g2_l40_c', 'g2_l75_b']]","[1, 1, 1, 1, 2, 1, 1, 2, 1, 2, 1, 2, 1, 1, 1, 2, 1, 1, 1, 1, 2, 1, 2, 2, 1, 1, 1, 1, 2, 2, 1, 1, 2, 2, 2, 1, 2, 2, 2, 2, 2, 1, 2, 1, 1]","[11.322, 9.081, 8.664, 22.025, 12.503, 9.118, 7.794, 3.631, 3.013, 3.634, 5.882, 4.112, 6.837, 2.844, 2.742, 2.83, 6.028, 2.808, 4.587, 3.038, 2.923, 4.562, 6.243, 6.508, 4.615, 2.785, 2.823, 9.361, 3.183, 3.982, 2.885, 3.298, 2.914, 5.269, 2.486, 2.264, 2.667, 2.416, 2.125, 3.908, 2.695, 2.747, 1.899, 2.377, 2.539]",I found myself preferring the pattern that looks more multidimensional. Multidimensional scaling appears more structured and provides more information about the connections between the nodes and the distances among them.,2,3,2,2,1,1,6677a4d0dcaa63af2cec980f,2024-10-29 15:08:27,2024-10-29 15:18:16,3,"[3, 3, 3, 3, 1, 3, 3, 1, 3, 1, 3, 1, 2, 3, 3, 1, 1, 3, 2, 3, 1, 3, 2, 1, 1, 3, 3, 3, 3, 1, 3, 3, 2, 3, 1, 3, 3, 3, 1, 3, 3, 3, 1, 2, 3]","[20, 25, 25, 40, 30, 15, 30, 25, 40, 20, 10, 40, 0, 25, 20, 5, 15, 10, 0, 5, 30, 40, 0, 30, 30, 15, 35, 15, 5, 5, 15, 40, 0, 10, 25, 35, 10, 10, 35, 20, 5, 20, 35, 0, 35]","[0, 0, 0, 0, 0, 0, 0, 0, 0, 0, 0, 0, -1, 0, 0, 0, 1, 0, -1, 0, 0, 0, -1, 0, 1, 0, 0, 0, 1, 0, 0, 0, -1, 1, 0, 0, 1, 1, 0, 1, 1, 0, 0, -1, 0]"
7,"[['g5_l65_b', 'g5_l70_a'], ['g4_l40_c', 'g4_l60_b'], ['g3_l55_c', 'g3_l75_a'], ['g4_l40_b', 'g4_l50_a'], ['g2_l45_c', 'g2_l80_a'], ['g4_l60_b', 'g4_l45_c'], ['g3_l65_a', 'g3_l65_b'], ['g3_l50_c', 'g3_l75_b'], ['g3_l80_a', 'g3_l65_b'], ['g2_l60_b', 'g2_l65_c'], ['g2_l40_a', 'g2_l80_c'], ['g1_l65_c', 'g1_l80_a'], ['g4_l45_a', 'g4_l80_c'], ['g3_l70_b', 'g3_l75_a'], ['g4_l60_b', 'g4_l60_a'], ['g1_l65_c', 'g1_l65_a'], ['g2_l65_a', 'g2_l55_c'], ['g5_l75_c', 'g5_l40_a'], ['g1_l60_c', 'g1_l55_a'], ['g5_l75_b', 'g5_l65_c'], ['g4_l45_b', 'g4_l75_a'], ['g1_l80_b', 'g1_l60_a'], ['g5_l40_b', 'g5_l80_a'], ['g2_l65_a', 'g2_l65_c'], ['g1_l40_c', 'g1_l65_a'], ['g4_l80_c', 'g4_l55_a'], ['g2_l45_b', 'g2_l70_c'], ['g2_l45_b', 'g2_l60_a'], ['g4_l40_a', 'g4_l80_b'], ['g5_l60_b', 'g5_l60_c'], ['g2_l75_a', 'g2_l45_b'], ['g1_l55_a', 'g1_l65_b'], ['g3_l75_a', 'g3_l40_c'], ['g4_l60_c', 'g4_l55_a'], ['g1_l40_c', 'g1_l80_b'], ['g2_l80_a', 'g2_l60_b'], ['g5_l50_c', 'g5_l75_a'], ['g1_l80_c', 'g1_l45_a'], ['g3_l70_b', 'g3_l60_c'], ['g5_l80_b', 'g5_l60_a'], ['g1_l75_a', 'g1_l45_c'], ['g5_l50_b', 'g5_l65_a'], ['g3_l75_c', 'g3_l45_a'], ['g5_l40_b', 'g5_l70_a'], ['g3_l40_a', 'g3_l80_c']]","[2, 2, 2, 1, 2, 1, 1, 2, 2, 2, 1, 2, 2, 1, 2, 2, 1, 1, 2, 1, 2, 1, 2, 1, 2, 1, 2, 1, 2, 2, 1, 2, 1, 2, 2, 1, 2, 1, 1, 1, 1, 2, 1, 2, 2]","[8.202, 5.832, 7.717, 4.256, 2.719, 4.063, 4.11, 2.724, 4.257, 6.111, 5.823, 2.54, 2.626, 4.685, 3.145, 3.745, 5.212, 2.198, 3.336, 2.636, 2.107, 2.326, 2.691, 2.648, 2.088, 1.952, 2.056, 3.276, 2.308, 2.399, 2.321, 3.781, 2.02, 3.28, 2.346, 1.876, 4.354, 1.794, 2.553, 2.898, 3.261, 2.829, 1.674, 1.965, 2.746]","I chose drawings that were more organised, had more space between links or had distinctive patterns.",3,3,2,2,2,1,5ea9c57990b83d0f9b246749,2024-10-29 15:14:43,2024-10-29 15:19:16,2,"[3, 3, 3, 3, 3, 1, 2, 3, 1, 3, 3, 3, 3, 3, 2, 2, 1, 1, 1, 1, 3, 1, 3, 2, 3, 1, 3, 3, 3, 2, 1, 3, 1, 1, 3, 1, 3, 1, 1, 1, 1, 3, 1, 3, 3]","[5, 20, 20, 10, 35, 15, 0, 25, 15, 5, 40, 15, 35, 5, 0, 0, 10, 35, 5, 10, 30, 20, 40, 0, 25, 25, 25, 15, 40, 0, 30, 10, 35, 5, 40, 20, 25, 35, 10, 20, 30, 15, 30, 30, 40]","[1, 1, 1, 0, 1, 1, -1, 1, 0, 1, 0, 1, 1, 0, -1, -1, 1, 1, 0, 1, 1, 1, 1, -1, 1, 1, 1, 0, 1, -1, 1, 1, 1, 0, 1, 1, 1, 1, 1, 1, 1, 1, 1, 1, 1]"
8,"[['g1_l65_b', 'g1_l75_a'], ['g2_l45_b', 'g2_l70_c'], ['g2_l80_a', 'g2_l45_b'], ['g4_l75_b', 'g4_l45_c'], ['g2_l60_c', 'g2_l80_b'], ['g3_l75_c', 'g3_l75_a'], ['g1_l70_b', 'g1_l40_c'], ['g4_l70_c', 'g4_l75_b'], ['g2_l55_b', 'g2_l40_a'], ['g5_l40_a', 'g5_l75_b'], ['g5_l70_b', 'g5_l65_c'], ['g3_l75_a', 'g3_l45_c'], ['g2_l65_b', 'g2_l55_a'], ['g5_l60_a', 'g5_l50_b'], ['g2_l75_b', 'g2_l45_c'], ['g5_l40_c', 'g5_l70_a'], ['g4_l80_b', 'g4_l80_c'], ['g3_l60_c', 'g3_l75_a'], ['g5_l60_c', 'g5_l75_b'], ['g5_l70_a', 'g5_l45_b'], ['g3_l80_b', 'g3_l45_c'], ['g4_l75_b', 'g4_l40_c'], ['g5_l50_a', 'g5_l70_c'], ['g2_l40_a', 'g2_l40_b'], ['g4_l55_c', 'g4_l75_a'], ['g3_l70_b', 'g3_l45_a'], ['g3_l80_a', 'g3_l60_c'], ['g5_l65_c', 'g5_l65_b'], ['g1_l70_c', 'g1_l55_a'], ['g4_l40_a', 'g4_l50_c'], ['g1_l50_a', 'g1_l50_c'], ['g2_l40_a', 'g2_l80_c'], ['g3_l80_b', 'g3_l40_a'], ['g5_l40_a', 'g5_l80_b'], ['g2_l60_b', 'g2_l65_c'], ['g1_l40_a', 'g1_l75_c'], ['g1_l65_c', 'g1_l40_b'], ['g4_l55_b', 'g4_l40_a'], ['g1_l75_b', 'g1_l55_a'], ['g4_l40_c', 'g4_l80_a'], ['g4_l40_a', 'g4_l65_c'], ['g3_l70_b', 'g3_l80_a'], ['g1_l40_a', 'g1_l45_c'], ['g1_l40_c', 'g1_l80_a'], ['g3_l75_c', 'g3_l80_a']]","[1, 2, 1, 1, 2, 1, 1, 2, 1, 1, 2, 1, 1, 1, 1, 2, 1, 1, 2, 1, 1, 2, 2, 1, 2, 1, 1, 2, 1, 1, 2, 2, 1, 2, 2, 1, 2, 2, 1, 2, 1, 2, 1, 2, 1]","[6.851, 6.651, 6.221, 7.301, 10.2, 7.5, 5.365, 5.558, 6.147, 7.686, 5.405, 5.116, 5.042, 6.036, 5.691, 5.931, 8.825, 3.787, 4.885, 5.811, 5.359, 4.704, 5.428, 5.979, 5.841, 4.439, 4.863, 4.024, 4.728, 4.425, 5.541, 4.353, 5.344, 3.774, 7.101, 6.368, 8.187, 12.942, 4.355, 7.806, 4.939, 6.315, 4.808, 3.627, 4.298]",System Integration Diagrams: Illustrate interactions between systems and components.,1,4,1,2,2,1,671288c039754e8b27a55cc4,2024-10-29 15:05:45,2024-10-29 15:23:49,1,"[3, 3, 1, 1, 3, 2, 1, 3, 1, 3, 1, 1, 1, 1, 1, 3, 2, 3, 3, 1, 1, 1, 3, 2, 3, 1, 1, 2, 1, 3, 2, 3, 1, 3, 3, 3, 1, 1, 1, 3, 3, 3, 3, 3, 3]","[10, 25, 35, 30, 20, 0, 30, 5, 15, 35, 5, 30, 10, 10, 30, 30, 0, 15, 15, 25, 35, 35, 20, 0, 20, 25, 20, 0, 15, 10, 0, 40, 40, 40, 5, 35, 25, 15, 20, 40, 25, 10, 5, 40, 5]","[0, 1, 1, 1, 1, -1, 1, 1, 1, 0, 0, 1, 1, 1, 1, 1, -1, 0, 1, 1, 1, 0, 1, -1, 1, 1, 1, -1, 1, 0, -1, 1, 1, 1, 1, 0, 0, 0, 1, 1, 0, 1, 0, 1, 0]"
9,"[['g1_l40_c', 'g1_l50_a'], ['g2_l80_b', 'g2_l40_c'], ['g4_l75_b', 'g4_l40_c'], ['g2_l65_a', 'g2_l40_b'], ['g1_l40_c', 'g1_l65_a'], ['g5_l70_a', 'g5_l60_c'], ['g2_l70_b', 'g2_l50_a'], ['g4_l80_b', 'g4_l40_c'], ['g4_l55_a', 'g4_l65_b'], ['g2_l60_c', 'g2_l60_a'], ['g2_l80_a', 'g2_l45_c'], ['g2_l50_a', 'g2_l65_b'], ['g3_l45_c', 'g3_l45_b'], ['g2_l70_b', 'g2_l60_c'], ['g4_l60_b', 'g4_l55_c'], ['g1_l75_b', 'g1_l60_a'], ['g3_l75_b', 'g3_l55_c'], ['g1_l60_b', 'g1_l60_c'], ['g4_l60_b', 'g4_l40_a'], ['g5_l55_c', 'g5_l80_b'], ['g5_l40_a', 'g5_l75_b'], ['g5_l80_c', 'g5_l60_b'], ['g4_l50_a', 'g4_l80_b'], ['g5_l65_c', 'g5_l65_b'], ['g2_l50_c', 'g2_l45_b'], ['g5_l40_a', 'g5_l80_c'], ['g3_l65_b', 'g3_l40_c'], ['g3_l75_b', 'g3_l40_a'], ['g3_l40_c', 'g3_l50_b'], ['g4_l50_a', 'g4_l65_c'], ['g1_l45_a', 'g1_l75_b'], ['g4_l50_a', 'g4_l50_c'], ['g3_l70_c', 'g3_l40_a'], ['g1_l60_b', 'g1_l80_c'], ['g5_l60_a', 'g5_l65_b'], ['g1_l75_a', 'g1_l80_b'], ['g3_l55_c', 'g3_l40_b'], ['g3_l40_b', 'g3_l80_c'], ['g1_l40_b', 'g1_l80_a'], ['g1_l40_c', 'g1_l75_b'], ['g5_l75_c', 'g5_l45_b'], ['g3_l65_b', 'g3_l70_a'], ['g2_l40_a', 'g2_l70_c'], ['g5_l65_b', 'g5_l50_c'], ['g4_l75_c', 'g4_l50_a']]","[1, 2, 2, 1, 1, 1, 1, 2, 2, 2, 1, 2, 1, 1, 1, 2, 1, 1, 1, 1, 1, 2, 1, 1, 2, 1, 1, 2, 1, 2, 1, 2, 1, 1, 1, 2, 2, 2, 1, 1, 1, 1, 2, 1, 2]","[6.078, 5.397, 9.473, 7.217, 4.404, 4.752, 6.116, 4.28, 3.94, 4.344, 5.106, 3.305, 5.452, 3.749, 3.974, 5.099, 4.144, 2.802, 5.203, 5.55, 3.669, 5.549, 5.773, 3.58, 4.888, 2.5, 4.232, 3.41, 3.401, 20.926, 37.331, 3.81, 2.512, 3.052, 4.632, 4.488, 2.209, 4.431, 3.132, 3.478, 3.287, 3.006, 6.903, 2.788, 3.14]","The visual aspect of drawing that affected my choice where the plain drawings ,loved the unique ones, the diagrams and links been twisted in between was cool.",1,3,2,2,1,1,,2024-10-29 15:14:35,2024-10-29 15:25:27,3,"[3, 1, 1, 1, 3, 1, 1, 1, 3, 2, 1, 3, 2, 1, 1, 1, 1, 2, 1, 3, 3, 1, 3, 2, 1, 3, 1, 1, 3, 3, 3, 2, 1, 3, 3, 3, 1, 3, 3, 3, 1, 3, 3, 1, 1]","[10, 40, 35, 25, 25, 10, 20, 40, 10, 0, 35, 15, 0, 10, 5, 15, 20, 0, 20, 25, 35, 20, 30, 0, 5, 40, 25, 35, 10, 15, 30, 0, 30, 20, 5, 5, 15, 40, 40, 35, 30, 5, 30, 15, 25]","[0, 0, 0, 1, 0, 1, 1, 0, 1, -1, 1, 1, -1, 1, 1, 0, 1, -1, 1, 0, 0, 0, 0, -1, 0, 0, 1, 0, 0, 1, 0, -1, 1, 0, 0, 1, 0, 1, 0, 0, 1, 0, 1, 1, 0]"
10,"[['g3_l70_b', 'g3_l70_c'], ['g5_l40_a', 'g5_l80_c'], ['g3_l65_b', 'g3_l55_c'], ['g2_l50_c', 'g2_l70_b'], ['g4_l55_c', 'g4_l80_b'], ['g5_l70_b', 'g5_l70_c'], ['g1_l60_c', 'g1_l60_a'], ['g5_l45_b', 'g5_l75_a'], ['g4_l40_b', 'g4_l50_c'], ['g4_l50_a', 'g4_l70_c'], ['g1_l55_b', 'g1_l50_c'], ['g4_l40_a', 'g4_l40_c'], ['g1_l55_c', 'g1_l80_a'], ['g3_l40_a', 'g3_l45_b'], ['g2_l80_a', 'g2_l40_b'], ['g5_l40_b', 'g5_l75_c'], ['g5_l45_a', 'g5_l70_b'], ['g3_l40_c', 'g3_l70_b'], ['g1_l70_c', 'g1_l80_a'], ['g5_l60_a', 'g5_l50_c'], ['g1_l80_a', 'g1_l45_c'], ['g5_l75_b', 'g5_l70_a'], ['g2_l50_c', 'g2_l60_b'], ['g4_l60_a', 'g4_l45_b'], ['g1_l75_a', 'g1_l45_b'], ['g3_l45_b', 'g3_l80_c'], ['g2_l70_c', 'g2_l70_a'], ['g4_l40_a', 'g4_l70_b'], ['g3_l55_a', 'g3_l75_b'], ['g4_l65_a', 'g4_l60_c'], ['g3_l70_b', 'g3_l45_a'], ['g2_l70_b', 'g2_l65_c'], ['g3_l40_c', 'g3_l55_b'], ['g5_l80_c', 'g5_l60_b'], ['g2_l65_c', 'g2_l80_b'], ['g2_l40_b', 'g2_l70_a'], ['g4_l40_c', 'g4_l75_b'], ['g2_l80_a', 'g2_l45_b'], ['g4_l80_b', 'g4_l40_c'], ['g1_l60_c', 'g1_l40_b'], ['g1_l40_a', 'g1_l80_c'], ['g3_l80_b', 'g3_l40_a'], ['g5_l55_c', 'g5_l40_b'], ['g2_l55_c', 'g2_l80_b'], ['g1_l55_a', 'g1_l70_b']]","[1, 2, 1, 2, 2, 1, 2, 2, 1, 2, 2, 2, 2, 2, 1, 2, 2, 2, 2, 1, 1, 1, 1, 1, 1, 2, 1, 2, 2, 2, 1, 1, 2, 1, 1, 2, 2, 1, 1, 1, 2, 1, 2, 2, 2]","[5.243, 4.785, 7.48, 8.205, 4.052, 14.312, 5.409, 4.453, 10.929, 10.761, 6.382, 11.569, 4.082, 2.67, 2.843, 3.781, 4.069, 2.668, 3.01, 23.204, 5.04, 7.298, 6.213, 6.082, 5.353, 3.817, 5.094, 4.386, 3.334, 13.998, 5.282, 4.684, 6.618, 2.773, 5.434, 12.204, 5.273, 3.622, 5.112, 5.552, 4.79, 2.61, 4.023, 2.591, 7.647]",Clutter of the diagram and the ambiguity of lines that overlapped were key determinants as to whether a diagram was preferred. Some diagrams were confusing as the lines crossed other lines too much or followed similar pathways.,2,3,2,5,2,1,6393d513f384430fd68acec7,2024-10-29 15:18:04,2024-10-29 15:26:17,4,"[2, 3, 1, 3, 3, 2, 2, 3, 3, 3, 1, 2, 3, 3, 1, 3, 3, 3, 3, 1, 1, 1, 3, 1, 1, 3, 2, 3, 3, 1, 1, 1, 3, 1, 3, 3, 3, 1, 1, 1, 3, 1, 1, 3, 3]","[0, 40, 10, 20, 25, 0, 0, 30, 10, 20, 5, 0, 25, 5, 40, 35, 25, 30, 10, 10, 35, 5, 10, 15, 30, 35, 0, 30, 20, 5, 25, 5, 15, 20, 15, 30, 35, 35, 40, 20, 40, 40, 15, 25, 15]","[-1, 1, 1, 1, 1, -1, -1, 1, 0, 1, 0, -1, 1, 1, 1, 1, 1, 1, 1, 1, 1, 1, 0, 1, 1, 1, -1, 1, 1, 0, 1, 1, 1, 1, 0, 1, 1, 1, 1, 1, 1, 1, 0, 1, 1]"
11,"[['g1_l80_c', 'g1_l40_b'], ['g3_l50_c', 'g3_l70_b'], ['g5_l70_a', 'g5_l40_c'], ['g1_l40_b', 'g1_l75_a'], ['g4_l45_c', 'g4_l75_b'], ['g5_l50_b', 'g5_l50_a'], ['g5_l40_a', 'g5_l75_c'], ['g4_l65_a', 'g4_l50_b'], ['g1_l45_b', 'g1_l75_a'], ['g1_l50_a', 'g1_l55_b'], ['g2_l40_b', 'g2_l80_c'], ['g1_l75_c', 'g1_l55_b'], ['g1_l65_a', 'g1_l55_c'], ['g2_l80_c', 'g2_l45_a'], ['g2_l75_a', 'g2_l50_b'], ['g2_l60_c', 'g2_l70_a'], ['g2_l50_a', 'g2_l50_c'], ['g4_l75_c', 'g4_l50_a'], ['g3_l75_c', 'g3_l45_a'], ['g3_l45_c', 'g3_l45_a'], ['g5_l65_c', 'g5_l75_a'], ['g2_l75_c', 'g2_l55_a'], ['g2_l40_c', 'g2_l55_b'], ['g4_l70_c', 'g4_l70_b'], ['g4_l50_a', 'g4_l45_b'], ['g5_l65_a', 'g5_l40_c'], ['g4_l40_c', 'g4_l80_b'], ['g3_l80_a', 'g3_l40_b'], ['g5_l50_c', 'g5_l65_a'], ['g3_l40_b', 'g3_l50_a'], ['g2_l50_a', 'g2_l55_c'], ['g5_l40_c', 'g5_l60_b'], ['g1_l65_b', 'g1_l40_a'], ['g2_l40_b', 'g2_l70_c'], ['g3_l40_c', 'g3_l55_b'], ['g5_l40_a', 'g5_l80_c'], ['g4_l60_b', 'g4_l70_c'], ['g3_l65_b', 'g3_l60_a'], ['g3_l40_a', 'g3_l75_b'], ['g5_l70_a', 'g5_l65_c'], ['g1_l65_a', 'g1_l80_c'], ['g1_l55_b', 'g1_l55_c'], ['g4_l75_b', 'g4_l40_c'], ['g4_l50_a', 'g4_l70_c'], ['g3_l50_a', 'g3_l75_b']]","[1, 2, 1, 2, 2, 1, 2, 1, 2, 2, 2, 1, 1, 1, 1, 1, 2, 1, 1, 1, 2, 2, 2, 2, 2, 1, 2, 1, 2, 2, 1, 2, 1, 2, 2, 2, 2, 1, 1, 1, 1, 2, 2, 2, 2]","[3.398, 4.309, 3.314, 2.264, 7.825, 3.86, 1.997, 2.094, 1.936, 5.805, 8.46, 4.483, 3.851, 7.866, 3.767, 4.477, 3.593, 3.192, 2.785, 4.092, 2.889, 6.117, 7.946, 2.989, 4.687, 2.086, 4.187, 2.302, 2.843, 4.586, 5.044, 2.135, 3.273, 3.263, 3.59, 3.288, 4.224, 3.218, 3.891, 4.432, 3.597, 3.028, 3.739, 2.793, 3.007]","I preferred the ones that somewhat resembled actual objects. If neither looked like actual objects, I would pick the one that was easiest to read as a map, like the friendship group example shown at the beginning of the study",5,4,4,2,2,1,60a3304ffb8cf482f8d11b6f,2024-10-29 15:26:39,2024-10-29 15:33:21,4,"[1, 3, 1, 3, 3, 2, 3, 1, 3, 3, 3, 1, 1, 1, 1, 3, 2, 1, 1, 2, 3, 1, 3, 2, 1, 1, 3, 1, 3, 3, 3, 3, 1, 3, 3, 3, 3, 1, 3, 1, 3, 2, 1, 3, 3]","[40, 20, 30, 35, 30, 0, 35, 15, 30, 5, 40, 20, 10, 35, 25, 10, 0, 25, 30, 0, 10, 20, 15, 0, 5, 25, 40, 40, 15, 10, 5, 20, 25, 30, 15, 40, 10, 5, 35, 5, 15, 0, 35, 20, 25]","[1, 1, 1, 1, 1, -1, 1, 1, 1, 1, 1, 1, 1, 1, 1, 0, -1, 1, 1, -1, 1, 0, 1, -1, 0, 1, 1, 1, 1, 1, 0, 1, 1, 1, 1, 1, 1, 1, 0, 1, 0, -1, 0, 1, 1]"
12,"[['g2_l50_a', 'g2_l80_c'], ['g3_l80_c', 'g3_l60_a'], ['g3_l50_c', 'g3_l80_b'], ['g3_l65_b', 'g3_l40_c'], ['g3_l70_c', 'g3_l65_a'], ['g2_l45_c', 'g2_l55_a'], ['g1_l40_a', 'g1_l80_b'], ['g1_l80_a', 'g1_l75_c'], ['g1_l65_b', 'g1_l65_a'], ['g3_l70_b', 'g3_l60_a'], ['g4_l65_b', 'g4_l40_a'], ['g4_l45_b', 'g4_l80_a'], ['g3_l60_a', 'g3_l75_b'], ['g1_l70_c', 'g1_l45_b'], ['g5_l60_a', 'g5_l55_c'], ['g1_l55_c', 'g1_l40_a'], ['g2_l70_b', 'g2_l45_a'], ['g4_l55_a', 'g4_l50_b'], ['g4_l80_a', 'g4_l60_c'], ['g4_l80_b', 'g4_l50_c'], ['g2_l55_b', 'g2_l70_c'], ['g5_l75_b', 'g5_l45_a'], ['g4_l40_c', 'g4_l80_b'], ['g2_l50_a', 'g2_l50_b'], ['g4_l65_c', 'g4_l55_a'], ['g2_l75_c', 'g2_l40_b'], ['g1_l40_b', 'g1_l75_a'], ['g3_l75_c', 'g3_l40_a'], ['g1_l75_c', 'g1_l65_b'], ['g2_l40_c', 'g2_l80_b'], ['g5_l40_b', 'g5_l80_c'], ['g5_l80_a', 'g5_l45_c'], ['g2_l50_c', 'g2_l55_a'], ['g5_l65_b', 'g5_l55_a'], ['g5_l75_a', 'g5_l60_b'], ['g5_l40_a', 'g5_l65_c'], ['g5_l50_a', 'g5_l50_b'], ['g5_l55_c', 'g5_l75_b'], ['g2_l55_c', 'g2_l75_b'], ['g4_l75_a', 'g4_l75_b'], ['g4_l65_b', 'g4_l80_c'], ['g1_l75_a', 'g1_l45_c'], ['g1_l65_c', 'g1_l45_a'], ['g3_l80_b', 'g3_l40_c'], ['g3_l50_b', 'g3_l50_a']]","[2, 1, 2, 1, 1, 2, 2, 1, 2, 1, 1, 2, 2, 1, 2, 1, 1, 2, 1, 1, 2, 1, 2, 1, 1, 1, 2, 1, 1, 2, 2, 1, 2, 1, 1, 2, 2, 2, 2, 2, 2, 1, 1, 1, 1]","[3.772, 4.029, 3.611, 3.186, 4.434, 3.393, 2.906, 3.214, 2.788, 3.182, 2.883, 2.732, 2.9, 3.623, 2.338, 4.801, 2.85, 4.059, 2.305, 2.478, 3.026, 2.65, 2.307, 2.544, 2.848, 2.271, 2.588, 2.099, 2.557, 2.087, 2.821, 2.515, 2.106, 2.607, 2.874, 2.803, 3.237, 2.101, 2.934, 2.867, 2.145, 2.763, 2.306, 2.188, 2.404]",The distance kept and the tidiness of the drawings,1,3,4,2,2,1,657eff8c13ec3b61c3fabb3a,2024-10-29 15:20:50,2024-10-29 15:34:54,4,"[3, 1, 3, 1, 1, 3, 3, 1, 2, 1, 1, 3, 3, 1, 1, 1, 1, 1, 1, 1, 3, 1, 3, 2, 1, 1, 3, 1, 1, 3, 3, 1, 3, 1, 1, 3, 2, 3, 3, 2, 3, 1, 1, 1, 2]","[30, 20, 30, 25, 5, 10, 40, 5, 0, 10, 25, 35, 15, 25, 5, 15, 25, 5, 20, 30, 15, 30, 40, 0, 10, 35, 35, 35, 10, 40, 40, 35, 5, 10, 15, 25, 0, 20, 20, 0, 15, 30, 20, 40, 0]","[1, 1, 1, 1, 1, 1, 1, 1, -1, 1, 1, 1, 1, 1, 0, 1, 1, 0, 1, 1, 1, 1, 1, -1, 1, 1, 1, 1, 1, 1, 1, 1, 1, 1, 1, 1, -1, 1, 1, -1, 1, 1, 1, 1, -1]"
13,"[['g3_l80_b', 'g3_l40_c'], ['g5_l80_b', 'g5_l55_c'], ['g2_l50_c', 'g2_l80_b'], ['g5_l50_a', 'g5_l50_b'], ['g5_l80_b', 'g5_l75_a'], ['g1_l40_b', 'g1_l65_c'], ['g3_l80_a', 'g3_l60_b'], ['g3_l75_c', 'g3_l80_b'], ['g3_l75_c', 'g3_l40_b'], ['g2_l45_b', 'g2_l45_a'], ['g4_l40_a', 'g4_l70_b'], ['g1_l80_b', 'g1_l80_a'], ['g4_l80_b', 'g4_l45_c'], ['g2_l40_a', 'g2_l45_c'], ['g1_l65_c', 'g1_l55_b'], ['g4_l70_c', 'g4_l45_a'], ['g3_l75_c', 'g3_l45_a'], ['g3_l80_b', 'g3_l55_c'], ['g2_l75_b', 'g2_l65_c'], ['g5_l45_c', 'g5_l80_a'], ['g1_l45_c', 'g1_l75_b'], ['g4_l65_c', 'g4_l50_b'], ['g1_l65_a', 'g1_l45_b'], ['g4_l70_a', 'g4_l65_b'], ['g1_l60_c', 'g1_l45_b'], ['g1_l60_a', 'g1_l55_b'], ['g2_l70_c', 'g2_l45_a'], ['g5_l70_a', 'g5_l55_b'], ['g4_l40_a', 'g4_l80_b'], ['g5_l40_b', 'g5_l50_c'], ['g4_l40_c', 'g4_l60_b'], ['g3_l60_b', 'g3_l75_c'], ['g2_l50_a', 'g2_l65_b'], ['g5_l40_b', 'g5_l80_a'], ['g5_l70_c', 'g5_l50_b'], ['g1_l40_a', 'g1_l75_c'], ['g2_l45_a', 'g2_l80_c'], ['g4_l65_c', 'g4_l65_a'], ['g5_l40_a', 'g5_l70_c'], ['g2_l55_a', 'g2_l75_b'], ['g4_l70_a', 'g4_l60_b'], ['g1_l40_c', 'g1_l80_b'], ['g3_l40_c', 'g3_l40_a'], ['g2_l80_b', 'g2_l40_c'], ['g3_l55_c', 'g3_l45_b']]","[1, 1, 2, 2, 1, 2, 2, 1, 1, 1, 2, 1, 1, 1, 1, 1, 1, 1, 1, 2, 2, 1, 1, 2, 1, 1, 1, 1, 2, 2, 1, 2, 2, 2, 1, 2, 2, 2, 2, 2, 2, 2, 2, 1, 2]","[4.417, 4.792, 5.425, 6.733, 4.575, 8.312, 12.568, 3.994, 3.969, 3.678, 2.889, 4.798, 4.5, 4.74, 3.926, 4.493, 3.718, 3.216, 3.789, 3.787, 3.98, 7.276, 3.544, 3.984, 12.156, 3.649, 3.66, 3.77, 3.525, 5.116, 10.967, 5.762, 3.567, 9.899, 3.839, 5.289, 4.092, 3.07, 3.578, 3.274, 4.555, 4.614, 3.261, 4.153, 8.879]",how neat the shape and the design is,3,3,4,2,2,1,5d50fbe64e3713001a005a19,2024-10-29 15:27:59,2024-10-29 15:36:29,4,"[1, 1, 3, 2, 1, 3, 1, 3, 1, 2, 3, 2, 1, 3, 1, 1, 1, 1, 1, 3, 3, 1, 1, 1, 1, 1, 1, 1, 3, 3, 3, 3, 3, 3, 1, 3, 3, 2, 3, 3, 1, 3, 2, 1, 1]","[40, 25, 30, 0, 5, 25, 20, 5, 35, 0, 30, 0, 35, 5, 10, 25, 30, 25, 10, 35, 30, 15, 20, 5, 15, 5, 25, 15, 40, 10, 20, 15, 15, 40, 20, 35, 35, 0, 30, 20, 10, 40, 0, 40, 10]","[1, 1, 1, -1, 1, 1, 0, 0, 1, -1, 1, -1, 1, 0, 1, 1, 1, 1, 1, 1, 1, 1, 1, 0, 1, 1, 1, 1, 1, 1, 0, 1, 1, 1, 1, 1, 1, -1, 1, 1, 0, 1, -1, 1, 0]"
14,"[['g5_l70_a', 'g5_l65_b'], ['g3_l45_c', 'g3_l75_b'], ['g1_l65_c', 'g1_l55_b'], ['g3_l80_b', 'g3_l45_c'], ['g2_l65_a', 'g2_l50_c'], ['g5_l75_b', 'g5_l55_c'], ['g5_l65_b', 'g5_l75_c'], ['g3_l70_c', 'g3_l70_a'], ['g2_l75_a', 'g2_l65_b'], ['g5_l40_c', 'g5_l80_a'], ['g2_l80_a', 'g2_l40_c'], ['g5_l40_a', 'g5_l65_c'], ['g4_l75_a', 'g4_l75_c'], ['g3_l80_b', 'g3_l40_c'], ['g1_l45_c', 'g1_l75_b'], ['g5_l65_b', 'g5_l65_c'], ['g5_l50_c', 'g5_l65_a'], ['g4_l60_b', 'g4_l65_c'], ['g5_l80_b', 'g5_l45_c'], ['g2_l45_b', 'g2_l75_c'], ['g2_l75_b', 'g2_l80_a'], ['g3_l65_a', 'g3_l45_c'], ['g1_l75_b', 'g1_l75_a'], ['g4_l60_b', 'g4_l75_c'], ['g3_l65_b', 'g3_l60_c'], ['g5_l75_a', 'g5_l45_c'], ['g3_l45_a', 'g3_l60_c'], ['g4_l45_a', 'g4_l55_b'], ['g2_l40_c', 'g2_l75_a'], ['g2_l65_a', 'g2_l65_b'], ['g1_l45_c', 'g1_l70_a'], ['g2_l40_c', 'g2_l65_a'], ['g1_l45_b', 'g1_l80_a'], ['g1_l80_c', 'g1_l40_a'], ['g1_l70_c', 'g1_l65_a'], ['g2_l50_a', 'g2_l70_b'], ['g3_l65_c', 'g3_l55_b'], ['g3_l70_c', 'g3_l45_a'], ['g4_l75_a', 'g4_l45_c'], ['g4_l80_c', 'g4_l40_a'], ['g4_l40_b', 'g4_l75_c'], ['g4_l50_a', 'g4_l70_b'], ['g1_l65_b', 'g1_l80_c'], ['g4_l65_b', 'g4_l40_a'], ['g1_l60_a', 'g1_l80_c']]","[1, 2, 1, 1, 1, 1, 2, 1, 1, 2, 1, 2, 2, 1, 2, 1, 1, 1, 1, 2, 1, 2, 2, 2, 1, 1, 2, 1, 2, 2, 1, 1, 2, 1, 1, 1, 1, 1, 1, 1, 2, 2, 2, 1, 2]","[2.54, 2.905, 2.436, 2.894, 2.667, 3.006, 2.795, 2.656, 3.54, 3.718, 3.263, 2.708, 2.626, 1.916, 2.355, 2.045, 2.766, 4.082, 1.887, 1.782, 3.645, 2.414, 2.326, 2.333, 2.961, 2.435, 2.772, 3.158, 1.768, 3.57, 1.821, 2.237, 2.402, 1.943, 2.225, 2.16, 1.977, 1.722, 1.54, 1.803, 1.853, 1.989, 1.881, 1.807, 1.71]","I disliked overlapping edges, and preferred evenly spaced nodes.",2,3,2,2,1,1,65ae4eaa15de67d9e1608345,2024-10-29 15:37:40,2024-10-29 15:42:10,4,"[1, 3, 1, 1, 1, 1, 3, 2, 1, 3, 1, 3, 2, 1, 3, 2, 3, 3, 1, 3, 3, 1, 2, 3, 1, 1, 3, 3, 3, 2, 3, 3, 3, 1, 1, 3, 1, 1, 1, 1, 3, 3, 3, 1, 3]","[5, 30, 10, 35, 15, 20, 10, 0, 10, 40, 40, 25, 0, 40, 30, 0, 15, 5, 35, 30, 5, 20, 0, 15, 5, 30, 15, 10, 35, 0, 25, 25, 35, 40, 5, 20, 10, 25, 30, 40, 35, 20, 15, 25, 20]","[1, 1, 1, 1, 1, 1, 1, -1, 1, 1, 1, 1, -1, 1, 1, -1, 0, 0, 1, 1, 0, 0, -1, 1, 1, 1, 1, 0, 1, -1, 0, 0, 1, 1, 1, 0, 1, 1, 1, 1, 1, 1, 1, 1, 1]"
15,"[['g5_l50_c', 'g5_l45_b'], ['g2_l55_a', 'g2_l80_c'], ['g4_l55_c', 'g4_l65_b'], ['g1_l60_b', 'g1_l70_c'], ['g5_l45_b', 'g5_l45_a'], ['g1_l80_a', 'g1_l40_b'], ['g4_l70_a', 'g4_l55_b'], ['g4_l70_b', 'g4_l40_a'], ['g5_l80_a', 'g5_l55_c'], ['g5_l55_c', 'g5_l75_b'], ['g4_l60_a', 'g4_l60_c'], ['g4_l80_c', 'g4_l60_a'], ['g3_l75_b', 'g3_l50_a'], ['g4_l40_c', 'g4_l80_a'], ['g3_l75_a', 'g3_l40_c'], ['g5_l40_a', 'g5_l75_c'], ['g1_l80_c', 'g1_l65_b'], ['g5_l80_b', 'g5_l50_a'], ['g1_l70_c', 'g1_l70_b'], ['g5_l40_c', 'g5_l80_a'], ['g1_l75_a', 'g1_l50_b'], ['g2_l50_c', 'g2_l80_a'], ['g5_l50_c', 'g5_l60_a'], ['g2_l50_b', 'g2_l45_c'], ['g3_l60_b', 'g3_l50_c'], ['g1_l40_a', 'g1_l70_b'], ['g2_l80_b', 'g2_l45_c'], ['g2_l80_a', 'g2_l65_c'], ['g2_l70_b', 'g2_l50_c'], ['g2_l75_c', 'g2_l75_a'], ['g5_l80_c', 'g5_l65_a'], ['g2_l50_b', 'g2_l40_a'], ['g3_l50_c', 'g3_l80_b'], ['g1_l75_a', 'g1_l40_b'], ['g3_l70_b', 'g3_l75_a'], ['g3_l75_b', 'g3_l60_a'], ['g3_l40_a', 'g3_l80_c'], ['g3_l55_a', 'g3_l75_b'], ['g1_l60_b', 'g1_l80_a'], ['g1_l40_c', 'g1_l45_b'], ['g2_l40_a', 'g2_l80_c'], ['g4_l75_a', 'g4_l50_b'], ['g4_l70_a', 'g4_l75_b'], ['g4_l40_c', 'g4_l75_b'], ['g3_l80_c', 'g3_l80_a']]","[1, 1, 2, 2, 1, 1, 1, 1, 1, 2, 1, 1, 1, 2, 1, 2, 1, 1, 1, 2, 1, 2, 1, 2, 1, 2, 1, 1, 1, 2, 1, 2, 2, 1, 2, 1, 2, 2, 2, 2, 2, 1, 2, 2, 1]","[11.927, 7.809, 5.967, 8.096, 9.324, 8.182, 7.15, 7.347, 6.383, 7.402, 5.499, 4.601, 4.515, 6.449, 5.439, 4.057, 5.288, 4.609, 9.955, 4.382, 5.177, 8.049, 6.076, 7.405, 8.037, 5.548, 4.601, 6.816, 6.154, 7.715, 5.28, 4.733, 4.896, 5.351, 5.696, 5.506, 3.788, 5.748, 6.124, 7.945, 4.246, 7.462, 9.627, 3.549, 4.254]","I think I preferred shorter lines, and wider spaces (between lines).",2,3,2,6,2,1,607b962bbc14d00d40958065,2024-10-29 15:37:45,2024-10-29 15:45:15,2,"[1, 3, 3, 3, 2, 1, 1, 1, 1, 3, 2, 1, 1, 3, 1, 3, 1, 1, 2, 3, 1, 3, 3, 1, 1, 3, 1, 1, 1, 2, 1, 1, 3, 1, 3, 1, 3, 3, 3, 3, 3, 1, 3, 3, 2]","[5, 25, 10, 10, 0, 40, 15, 30, 25, 20, 0, 20, 25, 40, 35, 35, 15, 30, 0, 40, 25, 30, 10, 5, 10, 30, 35, 15, 20, 0, 15, 10, 30, 35, 5, 15, 40, 20, 20, 5, 40, 25, 5, 35, 0]","[1, 0, 1, 1, -1, 1, 1, 1, 1, 1, -1, 1, 1, 1, 1, 1, 1, 1, -1, 1, 1, 1, 0, 0, 1, 1, 1, 1, 1, -1, 1, 0, 1, 1, 1, 1, 1, 1, 1, 1, 1, 1, 1, 1, -1]"
16,"[['g2_l40_c', 'g2_l60_b'], ['g2_l75_b', 'g2_l45_c'], ['g3_l75_a', 'g3_l45_c'], ['g2_l80_b', 'g2_l70_a'], ['g3_l65_b', 'g3_l65_c'], ['g2_l45_c', 'g2_l70_a'], ['g3_l80_b', 'g3_l45_c'], ['g3_l40_b', 'g3_l80_a'], ['g4_l55_c', 'g4_l55_b'], ['g5_l50_c', 'g5_l75_b'], ['g3_l65_a', 'g3_l60_c'], ['g2_l45_c', 'g2_l60_b'], ['g4_l75_c', 'g4_l40_a'], ['g5_l50_b', 'g5_l60_c'], ['g3_l55_c', 'g3_l65_a'], ['g1_l55_c', 'g1_l55_a'], ['g5_l40_b', 'g5_l80_c'], ['g5_l45_c', 'g5_l75_a'], ['g4_l75_c', 'g4_l80_a'], ['g1_l40_a', 'g1_l60_c'], ['g4_l55_a', 'g4_l45_b'], ['g2_l45_c', 'g2_l80_a'], ['g5_l70_c', 'g5_l50_a'], ['g4_l65_c', 'g4_l45_a'], ['g1_l80_a', 'g1_l70_c'], ['g2_l55_b', 'g2_l55_c'], ['g1_l75_b', 'g1_l45_a'], ['g4_l75_c', 'g4_l45_b'], ['g5_l75_a', 'g5_l75_c'], ['g1_l50_c', 'g1_l45_a'], ['g4_l55_a', 'g4_l40_b'], ['g3_l65_a', 'g3_l50_c'], ['g1_l80_c', 'g1_l65_b'], ['g2_l55_c', 'g2_l50_a'], ['g4_l80_b', 'g4_l40_c'], ['g3_l50_c', 'g3_l70_b'], ['g5_l45_a', 'g5_l40_b'], ['g5_l40_c', 'g5_l75_a'], ['g1_l75_b', 'g1_l40_a'], ['g3_l45_a', 'g3_l70_b'], ['g4_l50_a', 'g4_l75_c'], ['g5_l75_a', 'g5_l60_b'], ['g1_l80_b', 'g1_l40_c'], ['g2_l40_a', 'g2_l80_b'], ['g1_l80_a', 'g1_l55_b']]","[2, 1, 1, 1, 1, 2, 1, 2, 1, 2, 1, 2, 1, 2, 1, 1, 2, 2, 1, 2, 1, 2, 1, 1, 1, 1, 1, 1, 2, 1, 1, 1, 1, 1, 1, 2, 2, 2, 1, 2, 2, 1, 1, 1, 1]","[7.95, 6.069, 5.507, 4.915, 7.807, 7.336, 4.645, 4.804, 4.529, 5.305, 5.715, 5.927, 4.59, 4.665, 5.001, 4.713, 5.166, 4.578, 5.119, 4.702, 4.758, 4.463, 5.036, 5.017, 5.285, 5.454, 7.038, 4.32, 4.263, 4.066, 4.828, 3.769, 3.849, 4.045, 3.82, 3.55, 3.764, 3.914, 3.817, 3.904, 4.535, 7.07, 4.005, 7.87, 3.894]",The easiness to connect the relationship ,2,3,2,2,1,1,665d474fb596a3558adc1e8c,2024-10-29 15:41:37,2024-10-29 15:48:31,2,"[3, 1, 1, 1, 2, 3, 1, 3, 2, 3, 1, 3, 1, 3, 3, 2, 3, 3, 3, 3, 1, 3, 1, 1, 1, 2, 1, 1, 2, 1, 1, 1, 1, 1, 1, 3, 1, 3, 1, 3, 3, 1, 1, 3, 1]","[20, 30, 30, 10, 0, 25, 35, 40, 0, 25, 5, 15, 35, 10, 10, 0, 40, 30, 5, 20, 10, 35, 20, 20, 10, 0, 30, 30, 0, 5, 15, 15, 15, 5, 40, 20, 5, 35, 35, 25, 25, 15, 40, 40, 25]","[1, 1, 1, 1, -1, 1, 1, 1, -1, 1, 1, 1, 1, 1, 0, -1, 1, 1, 0, 1, 1, 1, 1, 1, 1, -1, 1, 1, -1, 1, 1, 1, 1, 1, 1, 1, 0, 1, 1, 1, 1, 1, 1, 0, 1]"
17,"[['g4_l80_a', 'g4_l50_c'], ['g3_l80_b', 'g3_l65_c'], ['g2_l40_b', 'g2_l40_a'], ['g1_l70_b', 'g1_l40_c'], ['g4_l40_c', 'g4_l80_a'], ['g3_l40_c', 'g3_l70_b'], ['g1_l80_b', 'g1_l40_a'], ['g2_l50_b', 'g2_l70_a'], ['g3_l80_b', 'g3_l55_c'], ['g2_l70_a', 'g2_l45_c'], ['g4_l45_c', 'g4_l55_a'], ['g3_l50_c', 'g3_l40_a'], ['g1_l80_b', 'g1_l60_c'], ['g5_l70_c', 'g5_l80_a'], ['g2_l40_c', 'g2_l80_b'], ['g1_l65_c', 'g1_l60_a'], ['g2_l65_c', 'g2_l80_b'], ['g5_l65_b', 'g5_l80_c'], ['g5_l40_b', 'g5_l75_a'], ['g5_l45_b', 'g5_l75_a'], ['g1_l45_a', 'g1_l70_c'], ['g1_l60_a', 'g1_l50_b'], ['g2_l50_a', 'g2_l80_b'], ['g2_l40_a', 'g2_l50_c'], ['g5_l55_c', 'g5_l80_a'], ['g3_l65_c', 'g3_l60_b'], ['g4_l50_a', 'g4_l75_c'], ['g4_l45_c', 'g4_l50_a'], ['g3_l40_c', 'g3_l80_b'], ['g1_l60_a', 'g1_l60_c'], ['g5_l60_a', 'g5_l80_c'], ['g3_l65_b', 'g3_l65_c'], ['g4_l70_b', 'g4_l70_a'], ['g5_l50_b', 'g5_l55_a'], ['g4_l60_b', 'g4_l40_c'], ['g4_l45_a', 'g4_l80_c'], ['g4_l55_a', 'g4_l40_c'], ['g1_l40_b', 'g1_l75_a'], ['g1_l55_b', 'g1_l40_c'], ['g2_l75_a', 'g2_l70_b'], ['g5_l60_a', 'g5_l60_c'], ['g2_l40_b', 'g2_l75_c'], ['g3_l55_c', 'g3_l75_b'], ['g5_l40_c', 'g5_l80_a'], ['g3_l75_b', 'g3_l40_a']]","[1, 1, 2, 1, 2, 2, 1, 2, 1, 2, 1, 2, 1, 1, 1, 2, 1, 2, 2, 2, 2, 1, 2, 1, 1, 2, 2, 1, 2, 1, 2, 1, 1, 2, 2, 2, 1, 2, 1, 1, 2, 2, 2, 2, 1]","[3.432, 3.754, 6.842, 4.154, 3.252, 4.131, 4.86, 4.203, 3.053, 7.915, 3.675, 2.988, 3.091, 3.74, 3.305, 3.391, 26.508, 9.91, 3.078, 2.731, 3.491, 3.139, 14.206, 4.126, 4.995, 6.593, 23.559, 5.087, 3.918, 3.284, 3.046, 3.207, 3.446, 3.368, 3.597, 3.396, 2.778, 3.585, 3.479, 3.816, 4.24, 2.66, 2.549, 2.62, 2.37]",The more spaces in-between the better I liked the diagram. I felt that they were easier to read ,5,3,3,5,1,1,5e64e9aae18d1524c7743b5d,2024-10-29 15:44:55,2024-10-29 15:52:33,4,"[1, 1, 2, 1, 3, 3, 1, 3, 1, 1, 3, 1, 1, 3, 3, 1, 3, 3, 3, 3, 3, 1, 3, 3, 3, 1, 3, 3, 3, 2, 3, 2, 2, 3, 1, 3, 1, 3, 1, 1, 2, 3, 3, 3, 1]","[30, 15, 0, 30, 40, 30, 40, 20, 25, 25, 10, 10, 20, 10, 40, 5, 15, 15, 35, 30, 25, 10, 30, 10, 25, 5, 25, 5, 40, 0, 20, 0, 0, 5, 20, 35, 15, 35, 15, 5, 0, 35, 20, 40, 35]","[1, 1, -1, 1, 1, 1, 1, 1, 1, 0, 0, 0, 1, 0, 0, 0, 0, 1, 1, 1, 1, 1, 1, 0, 0, 0, 1, 0, 1, -1, 1, -1, -1, 1, 0, 1, 1, 1, 1, 1, -1, 1, 1, 1, 1]"
18,"[['g4_l40_b', 'g4_l60_a'], ['g4_l55_c', 'g4_l55_a'], ['g2_l45_a', 'g2_l55_c'], ['g3_l55_a', 'g3_l65_b'], ['g1_l40_a', 'g1_l80_c'], ['g3_l75_a', 'g3_l45_c'], ['g4_l40_b', 'g4_l75_c'], ['g2_l60_b', 'g2_l80_a'], ['g3_l55_c', 'g3_l75_a'], ['g1_l50_b', 'g1_l80_a'], ['g1_l50_a', 'g1_l70_b'], ['g1_l40_c', 'g1_l75_b'], ['g3_l50_b', 'g3_l50_c'], ['g2_l75_c', 'g2_l80_b'], ['g4_l40_a', 'g4_l70_c'], ['g2_l75_b', 'g2_l45_c'], ['g2_l40_b', 'g2_l40_a'], ['g4_l70_b', 'g4_l45_c'], ['g2_l70_c', 'g2_l45_b'], ['g1_l40_a', 'g1_l40_c'], ['g1_l70_a', 'g1_l80_c'], ['g5_l70_a', 'g5_l55_c'], ['g5_l45_a', 'g5_l70_b'], ['g5_l55_a', 'g5_l55_b'], ['g3_l75_b', 'g3_l50_a'], ['g3_l40_c', 'g3_l80_a'], ['g5_l60_b', 'g5_l65_c'], ['g5_l75_b', 'g5_l45_a'], ['g2_l55_b', 'g2_l70_c'], ['g4_l80_b', 'g4_l40_a'], ['g4_l75_c', 'g4_l60_b'], ['g3_l45_c', 'g3_l80_b'], ['g1_l65_c', 'g1_l60_b'], ['g5_l80_c', 'g5_l45_b'], ['g5_l80_b', 'g5_l40_a'], ['g4_l70_b', 'g4_l65_c'], ['g1_l50_a', 'g1_l75_c'], ['g2_l80_a', 'g2_l40_b'], ['g5_l50_a', 'g5_l70_c'], ['g1_l60_a', 'g1_l75_b'], ['g5_l70_a', 'g5_l80_b'], ['g3_l60_c', 'g3_l75_b'], ['g2_l45_c', 'g2_l80_a'], ['g4_l50_a', 'g4_l40_c'], ['g3_l75_a', 'g3_l70_b']]","[2, 1, 2, 2, 2, 1, 2, 1, 2, 2, 2, 2, 2, 1, 2, 1, 2, 1, 1, 2, 2, 1, 2, 1, 1, 2, 1, 2, 2, 1, 1, 2, 1, 1, 1, 1, 2, 1, 2, 1, 1, 2, 2, 1, 1]","[11.025, 5.55, 4.552, 3.461, 2.888, 5.297, 6.303, 4.507, 6.913, 4.781, 3.076, 7.021, 5.451, 6.475, 3.583, 4.277, 3.393, 2.564, 2.117, 4.298, 2.855, 3.057, 2.13, 5.063, 2.567, 3.322, 4.915, 5.049, 4.03, 4.325, 2.211, 3.082, 3.878, 11.186, 2.001, 5.605, 2.579, 2.014, 2.219, 4.015, 3.446, 2.853, 1.94, 5.454, 6.902]","where the lines were very close together, it was hard to see the connections and looked cluttered and stressful. I prefer bigger spaces.
I don't like a lot of dense lines backed into a small space.",5,2,3,3,2,1,669d0ebd8ef1aabaaafaa454,2024-10-29 15:33:57,2024-10-29 15:55:10,4,"[3, 2, 3, 3, 3, 1, 3, 3, 3, 3, 3, 3, 2, 3, 3, 1, 2, 1, 1, 2, 3, 1, 3, 2, 1, 3, 3, 1, 3, 1, 1, 3, 1, 1, 1, 1, 3, 1, 3, 3, 3, 3, 3, 1, 1]","[20, 0, 10, 10, 40, 30, 35, 20, 20, 30, 20, 35, 0, 5, 30, 30, 0, 25, 25, 0, 10, 15, 25, 0, 25, 40, 5, 30, 15, 40, 15, 35, 5, 35, 40, 5, 25, 40, 20, 15, 10, 15, 35, 10, 5]","[1, -1, 1, 1, 1, 1, 1, 0, 1, 1, 1, 1, -1, 0, 1, 1, -1, 1, 1, -1, 1, 1, 1, -1, 1, 1, 0, 0, 1, 1, 1, 1, 1, 1, 1, 1, 1, 1, 1, 0, 0, 1, 1, 1, 1]"
19,"[['g1_l70_a', 'g1_l70_c'], ['g5_l45_a', 'g5_l75_b'], ['g5_l55_b', 'g5_l50_a'], ['g5_l40_a', 'g5_l55_b'], ['g1_l80_a', 'g1_l40_b'], ['g5_l40_a', 'g5_l80_b'], ['g5_l50_b', 'g5_l75_a'], ['g4_l40_a', 'g4_l75_b'], ['g3_l50_b', 'g3_l80_c'], ['g4_l45_a', 'g4_l75_c'], ['g2_l70_c', 'g2_l70_a'], ['g1_l65_c', 'g1_l40_b'], ['g3_l70_a', 'g3_l55_c'], ['g1_l60_b', 'g1_l75_a'], ['g1_l55_c', 'g1_l60_b'], ['g3_l55_c', 'g3_l80_a'], ['g5_l50_c', 'g5_l40_a'], ['g5_l45_b', 'g5_l80_c'], ['g3_l40_b', 'g3_l40_a'], ['g4_l55_b', 'g4_l50_c'], ['g2_l80_c', 'g2_l40_b'], ['g2_l80_a', 'g2_l70_c'], ['g3_l40_a', 'g3_l50_c'], ['g5_l40_a', 'g5_l40_b'], ['g4_l40_c', 'g4_l50_a'], ['g4_l55_c', 'g4_l40_a'], ['g4_l40_c', 'g4_l60_b'], ['g2_l70_a', 'g2_l45_c'], ['g2_l70_b', 'g2_l75_c'], ['g3_l45_c', 'g3_l80_b'], ['g2_l55_b', 'g2_l75_a'], ['g2_l80_c', 'g2_l50_a'], ['g4_l65_c', 'g4_l65_a'], ['g1_l70_a', 'g1_l60_b'], ['g3_l80_c', 'g3_l40_a'], ['g4_l65_b', 'g4_l40_a'], ['g2_l45_c', 'g2_l80_a'], ['g4_l40_c', 'g4_l80_b'], ['g3_l60_a', 'g3_l55_c'], ['g1_l45_b', 'g1_l65_a'], ['g2_l75_a', 'g2_l60_b'], ['g1_l50_b', 'g1_l80_a'], ['g5_l80_a', 'g5_l60_c'], ['g1_l40_c', 'g1_l75_a'], ['g3_l80_a', 'g3_l60_b']]","[2, 2, 1, 2, 1, 2, 2, 2, 2, 2, 1, 1, 2, 2, 1, 2, 1, 2, 1, 2, 1, 1, 1, 2, 2, 1, 2, 2, 2, 2, 2, 1, 2, 2, 1, 1, 2, 2, 2, 2, 1, 2, 2, 2, 1]","[3.989, 3.4, 3.392, 5.524, 3.952, 3.151, 3.201, 2.847, 2.471, 3.361, 2.876, 3.891, 3.68, 2.58, 6.282, 2.823, 4.368, 3.166, 4.817, 4.86, 3.271, 4.981, 3.23, 3.897, 3.268, 3.694, 4.071, 4.286, 3.096, 3.165, 3.183, 3.185, 4.939, 2.967, 3.229, 3.38, 3.21, 3.022, 4.652, 4.015, 3.897, 2.615, 4.443, 2.755, 3.832]","The drawings that had a lot of connections, that were a bit closer to each other.",1,4,4,2,1,1,6718b506c509178a825f5069,2024-10-29 15:51:38,2024-10-29 15:57:19,2,"[2, 3, 1, 3, 1, 3, 3, 3, 3, 3, 2, 1, 1, 3, 3, 3, 1, 3, 2, 1, 1, 1, 3, 2, 3, 1, 3, 1, 3, 3, 3, 1, 2, 1, 1, 1, 3, 3, 1, 3, 1, 3, 1, 3, 1]","[0, 30, 5, 15, 40, 40, 25, 35, 30, 30, 0, 25, 15, 15, 5, 25, 10, 35, 0, 5, 40, 10, 10, 0, 10, 15, 20, 25, 5, 35, 20, 30, 0, 10, 40, 25, 35, 40, 5, 20, 15, 30, 20, 35, 20]","[-1, 1, 1, 1, 1, 1, 1, 1, 1, 1, -1, 1, 0, 1, 0, 1, 1, 1, -1, 0, 1, 1, 0, -1, 1, 1, 1, 0, 1, 1, 1, 1, -1, 0, 1, 1, 1, 1, 0, 1, 1, 1, 0, 1, 1]"
20,"[['g1_l80_b', 'g1_l40_a'], ['g5_l80_b', 'g5_l60_a'], ['g4_l80_c', 'g4_l50_b'], ['g2_l75_c', 'g2_l45_b'], ['g2_l65_b', 'g2_l55_c'], ['g2_l40_a', 'g2_l80_b'], ['g4_l75_a', 'g4_l40_b'], ['g3_l70_a', 'g3_l60_b'], ['g1_l70_b', 'g1_l80_a'], ['g3_l75_b', 'g3_l50_c'], ['g2_l65_a', 'g2_l40_c'], ['g5_l70_c', 'g5_l45_a'], ['g3_l40_a', 'g3_l80_b'], ['g1_l70_b', 'g1_l50_a'], ['g3_l75_c', 'g3_l40_a'], ['g4_l75_a', 'g4_l55_b'], ['g4_l65_b', 'g4_l40_c'], ['g5_l75_c', 'g5_l45_b'], ['g1_l80_a', 'g1_l50_b'], ['g2_l55_c', 'g2_l70_a'], ['g3_l75_c', 'g3_l45_b'], ['g3_l75_a', 'g3_l75_b'], ['g2_l65_a', 'g2_l45_c'], ['g1_l65_a', 'g1_l70_c'], ['g5_l50_c', 'g5_l65_b'], ['g4_l55_a', 'g4_l55_c'], ['g4_l80_b', 'g4_l75_c'], ['g1_l40_b', 'g1_l40_c'], ['g1_l65_b', 'g1_l50_c'], ['g4_l60_a', 'g4_l45_b'], ['g3_l65_b', 'g3_l50_c'], ['g5_l80_c', 'g5_l75_b'], ['g2_l80_a', 'g2_l45_c'], ['g4_l40_a', 'g4_l50_c'], ['g5_l50_c', 'g5_l60_a'], ['g2_l75_a', 'g2_l80_c'], ['g5_l40_b', 'g5_l80_a'], ['g5_l40_a', 'g5_l40_b'], ['g3_l75_c', 'g3_l80_a'], ['g4_l40_c', 'g4_l80_b'], ['g3_l80_b', 'g3_l60_c'], ['g2_l60_c', 'g2_l60_a'], ['g5_l75_a', 'g5_l40_b'], ['g1_l55_a', 'g1_l80_b'], ['g1_l45_a', 'g1_l80_c']]","[1, 1, 1, 1, 2, 1, 1, 2, 2, 1, 2, 1, 2, 1, 1, 1, 1, 1, 1, 1, 1, 2, 1, 1, 1, 2, 1, 2, 2, 1, 1, 1, 1, 2, 2, 2, 2, 2, 1, 2, 1, 2, 1, 2, 2]","[7.123, 7.33, 5.189, 7.745, 12.884, 11.509, 9.85, 10.645, 10.629, 6.555, 8.518, 12.009, 7.38, 5.895, 11.394, 4.228, 6.698, 5.847, 10.881, 6.655, 10.548, 10.105, 11.531, 8.9, 15.49, 7.297, 6.272, 10.133, 7.821, 5.844, 5.828, 5.852, 5.341, 9.021, 8.734, 9.054, 4.612, 3.572, 7.497, 4.338, 9.394, 8.227, 6.687, 14.18, 4.372]","I prefer the dots not too close to each other, so that the diagrams are clearer and the lines are more distinctive. I also like each part of the diagram to be of similar size, not like a massive area on one side and then several smaller areas with many lines and dots on the other side.",2,3,2,5,2,1,60e197c98498a8f2baa8bc24,2024-10-29 15:45:04,2024-10-29 15:58:29,3,"[1, 1, 1, 1, 1, 3, 1, 1, 3, 1, 1, 1, 3, 1, 1, 1, 1, 1, 1, 3, 1, 2, 1, 3, 3, 2, 1, 2, 1, 1, 1, 1, 1, 3, 3, 3, 3, 2, 3, 3, 1, 2, 1, 3, 3]","[40, 20, 30, 30, 10, 40, 35, 10, 10, 25, 25, 25, 40, 20, 35, 20, 25, 30, 30, 15, 30, 0, 20, 5, 15, 0, 5, 0, 15, 15, 15, 5, 35, 10, 10, 5, 40, 0, 5, 40, 20, 0, 35, 25, 35]","[1, 1, 1, 1, 0, 0, 1, 0, 1, 1, 0, 1, 1, 1, 1, 1, 1, 1, 1, 0, 1, -1, 1, 0, 0, -1, 1, -1, 0, 1, 1, 1, 1, 1, 1, 1, 1, -1, 0, 1, 1, -1, 1, 1, 1]"
21,"[['g1_l70_a', 'g1_l60_b'], ['g4_l75_a', 'g4_l80_b'], ['g2_l45_b', 'g2_l70_c'], ['g1_l65_c', 'g1_l80_a'], ['g2_l75_c', 'g2_l40_a'], ['g2_l45_c', 'g2_l45_a'], ['g3_l60_a', 'g3_l55_b'], ['g5_l60_c', 'g5_l50_b'], ['g2_l75_c', 'g2_l45_a'], ['g1_l50_b', 'g1_l50_a'], ['g2_l40_b', 'g2_l80_c'], ['g5_l55_b', 'g5_l50_c'], ['g3_l80_b', 'g3_l55_c'], ['g2_l55_c', 'g2_l75_a'], ['g1_l75_c', 'g1_l80_b'], ['g1_l55_b', 'g1_l75_c'], ['g5_l65_b', 'g5_l65_c'], ['g4_l75_b', 'g4_l45_a'], ['g5_l50_c', 'g5_l65_b'], ['g4_l45_b', 'g4_l80_a'], ['g2_l60_b', 'g2_l65_a'], ['g4_l70_c', 'g4_l45_b'], ['g3_l75_b', 'g3_l45_a'], ['g4_l55_a', 'g4_l45_b'], ['g4_l80_b', 'g4_l80_a'], ['g5_l40_a', 'g5_l65_c'], ['g3_l80_a', 'g3_l40_b'], ['g1_l50_c', 'g1_l80_a'], ['g5_l80_b', 'g5_l40_a'], ['g1_l70_b', 'g1_l45_c'], ['g3_l40_a', 'g3_l60_c'], ['g4_l80_c', 'g4_l40_a'], ['g1_l75_b', 'g1_l40_c'], ['g4_l40_b', 'g4_l55_c'], ['g5_l60_c', 'g5_l80_a'], ['g2_l55_a', 'g2_l40_c'], ['g4_l55_a', 'g4_l75_b'], ['g5_l50_b', 'g5_l80_c'], ['g5_l80_a', 'g5_l45_b'], ['g3_l45_b', 'g3_l80_a'], ['g1_l40_b', 'g1_l80_a'], ['g3_l70_a', 'g3_l55_b'], ['g3_l40_c', 'g3_l40_a'], ['g3_l75_b', 'g3_l65_c'], ['g2_l75_b', 'g2_l65_c']]","[1, 2, 2, 1, 2, 1, 2, 1, 1, 2, 2, 2, 1, 1, 2, 2, 2, 2, 1, 2, 2, 1, 1, 1, 1, 2, 1, 2, 1, 1, 1, 1, 1, 1, 1, 2, 2, 2, 1, 2, 2, 2, 2, 1, 1]","[5.384, 5.838, 3.244, 4.928, 4.244, 3.718, 6.741, 5.131, 3.53, 11.004, 4.292, 3.811, 4.627, 4.629, 4.257, 7.114, 6.965, 4.74, 4.283, 10.957, 6.222, 4.177, 10.839, 3.413, 5.226, 3.241, 4.793, 4.346, 2.918, 3.469, 6.577, 3.334, 2.705, 5.879, 9.794, 5.445, 4.13, 3.388, 3.201, 6.118, 4.497, 6.544, 3.952, 3.905, 3.304]","I preferred the more simple diagrams, the ones with less overlapping lines, and clearer points.",2,3,2,5,2,1,5f4d822a5080c693e800932f,2024-10-29 15:50:10,2024-10-29 15:58:41,4,"[1, 3, 3, 3, 1, 2, 1, 1, 1, 2, 3, 1, 1, 3, 3, 3, 2, 1, 3, 3, 3, 1, 1, 1, 2, 3, 1, 3, 1, 1, 3, 1, 1, 3, 3, 1, 3, 3, 1, 3, 3, 1, 2, 1, 1]","[10, 5, 25, 15, 35, 0, 5, 10, 30, 0, 40, 5, 25, 20, 5, 20, 0, 30, 15, 35, 5, 25, 30, 10, 0, 25, 40, 30, 40, 25, 20, 40, 35, 15, 20, 15, 20, 30, 35, 35, 40, 15, 0, 10, 10]","[1, 1, 1, 0, 0, -1, 0, 1, 1, -1, 1, 0, 1, 0, 1, 1, -1, 0, 0, 1, 1, 1, 1, 1, -1, 1, 1, 1, 1, 1, 0, 1, 1, 0, 0, 0, 1, 1, 1, 1, 1, 0, -1, 1, 1]"
22,"[['g5_l45_c', 'g5_l40_a'], ['g2_l50_c', 'g2_l40_a'], ['g3_l75_a', 'g3_l70_c'], ['g3_l40_a', 'g3_l70_b'], ['g5_l45_b', 'g5_l55_a'], ['g4_l75_c', 'g4_l40_a'], ['g4_l80_c', 'g4_l50_b'], ['g1_l60_a', 'g1_l60_b'], ['g2_l45_a', 'g2_l60_c'], ['g1_l65_a', 'g1_l40_c'], ['g3_l50_c', 'g3_l60_b'], ['g1_l75_c', 'g1_l60_a'], ['g3_l45_b', 'g3_l70_c'], ['g1_l45_b', 'g1_l50_c'], ['g3_l75_b', 'g3_l55_c'], ['g3_l45_a', 'g3_l80_b'], ['g5_l45_b', 'g5_l70_c'], ['g4_l40_b', 'g4_l80_c'], ['g5_l65_b', 'g5_l45_a'], ['g1_l40_c', 'g1_l75_a'], ['g2_l60_c', 'g2_l65_b'], ['g3_l60_c', 'g3_l45_a'], ['g4_l60_c', 'g4_l50_a'], ['g1_l45_b', 'g1_l75_a'], ['g5_l40_b', 'g5_l80_a'], ['g2_l40_c', 'g2_l70_a'], ['g4_l40_a', 'g4_l65_c'], ['g1_l40_c', 'g1_l60_b'], ['g5_l70_a', 'g5_l70_b'], ['g3_l80_a', 'g3_l40_c'], ['g2_l80_b', 'g2_l80_c'], ['g5_l50_a', 'g5_l65_b'], ['g4_l70_a', 'g4_l70_b'], ['g1_l55_b', 'g1_l45_c'], ['g1_l40_c', 'g1_l80_a'], ['g4_l65_b', 'g4_l70_c'], ['g4_l40_a', 'g4_l55_c'], ['g4_l65_b', 'g4_l45_a'], ['g2_l40_b', 'g2_l75_c'], ['g2_l60_a', 'g2_l80_c'], ['g2_l65_c', 'g2_l40_a'], ['g3_l70_c', 'g3_l70_b'], ['g5_l80_c', 'g5_l45_a'], ['g5_l80_b', 'g5_l50_c'], ['g2_l80_c', 'g2_l40_b']]","[1, 2, 2, 2, 2, 1, 1, 1, 2, 1, 2, 2, 2, 2, 1, 2, 2, 2, 1, 2, 2, 1, 1, 2, 2, 2, 2, 2, 1, 1, 2, 2, 1, 2, 2, 2, 2, 1, 2, 2, 1, 2, 1, 1, 1]","[4.552, 4.652, 16.444, 4.464, 15.801, 3.978, 3.041, 3.89, 3.522, 3.862, 3.238, 3.542, 3.262, 8.426, 4.098, 2.791, 3.684, 2.857, 3.217, 2.483, 5.127, 3.888, 8.599, 3.206, 4.562, 4.488, 3.041, 3.087, 4.666, 3.613, 3.787, 3.015, 3.65, 6.039, 4.375, 8.654, 9.557, 4.643, 2.867, 6.365, 5.966, 2.814, 4.084, 3.155, 3.73]",I prefered the networks that had the nodes as spread out as possible. I felt these were easier to take in all the interlinked possibilities. Networks that looked messy or chaotic were unappealing.    ,1,3,3,3,2,1,5e8b765e88065404c4d50fe2,2024-10-29 15:45:58,2024-10-29 16:00:01,4,"[1, 1, 1, 3, 3, 1, 1, 2, 3, 1, 3, 1, 3, 3, 1, 3, 3, 3, 1, 3, 3, 1, 1, 3, 3, 3, 3, 3, 2, 1, 2, 3, 2, 1, 3, 3, 3, 1, 3, 3, 1, 2, 1, 1, 1]","[5, 10, 5, 30, 10, 35, 30, 0, 15, 25, 10, 15, 25, 5, 20, 35, 25, 40, 20, 35, 5, 15, 10, 30, 40, 30, 25, 20, 0, 40, 0, 15, 0, 10, 40, 5, 15, 20, 35, 20, 25, 0, 35, 30, 40]","[1, 0, 0, 1, 1, 1, 1, -1, 1, 1, 1, 0, 1, 1, 1, 1, 1, 1, 1, 1, 1, 1, 1, 1, 1, 1, 1, 1, -1, 1, -1, 1, -1, 0, 1, 1, 1, 1, 1, 1, 1, -1, 1, 1, 1]"
23,"[['g5_l65_c', 'g5_l65_b'], ['g1_l45_b', 'g1_l80_c'], ['g2_l40_a', 'g2_l80_b'], ['g2_l80_c', 'g2_l80_b'], ['g1_l50_c', 'g1_l75_a'], ['g3_l60_a', 'g3_l70_b'], ['g3_l45_a', 'g3_l70_b'], ['g2_l40_c', 'g2_l60_a'], ['g1_l55_b', 'g1_l60_c'], ['g1_l45_a', 'g1_l45_c'], ['g3_l50_c', 'g3_l80_b'], ['g2_l80_c', 'g2_l45_a'], ['g2_l40_a', 'g2_l55_c'], ['g3_l55_b', 'g3_l60_a'], ['g4_l75_b', 'g4_l55_a'], ['g1_l70_b', 'g1_l80_c'], ['g4_l80_b', 'g4_l75_c'], ['g3_l40_b', 'g3_l60_a'], ['g5_l70_a', 'g5_l40_b'], ['g5_l45_b', 'g5_l40_c'], ['g4_l45_a', 'g4_l70_b'], ['g2_l40_b', 'g2_l70_c'], ['g5_l80_c', 'g5_l60_b'], ['g3_l40_a', 'g3_l80_c'], ['g1_l55_a', 'g1_l40_c'], ['g2_l55_a', 'g2_l50_c'], ['g4_l65_a', 'g4_l55_b'], ['g4_l70_a', 'g4_l70_c'], ['g1_l50_c', 'g1_l80_b'], ['g5_l60_b', 'g5_l75_c'], ['g3_l65_a', 'g3_l50_b'], ['g4_l45_a', 'g4_l80_b'], ['g4_l45_c', 'g4_l75_a'], ['g3_l45_a', 'g3_l80_b'], ['g4_l60_b', 'g4_l45_a'], ['g5_l75_c', 'g5_l65_b'], ['g5_l75_a', 'g5_l50_b'], ['g5_l80_b', 'g5_l40_a'], ['g1_l65_a', 'g1_l45_c'], ['g4_l40_a', 'g4_l80_b'], ['g5_l40_b', 'g5_l75_a'], ['g2_l55_b', 'g2_l65_a'], ['g1_l40_a', 'g1_l80_c'], ['g3_l50_c', 'g3_l50_a'], ['g2_l75_b', 'g2_l50_c']]","[2, 2, 2, 2, 2, 2, 2, 2, 1, 2, 2, 1, 1, 2, 1, 2, 1, 2, 1, 2, 2, 2, 1, 2, 1, 1, 1, 1, 2, 2, 1, 2, 2, 2, 1, 1, 1, 1, 1, 2, 2, 2, 2, 1, 1]","[6.481, 3.451, 3.688, 5.879, 4.009, 4.811, 3.609, 8.362, 7.514, 3.066, 2.826, 2.65, 3.005, 4.402, 2.766, 2.266, 3.093, 2.428, 5.711, 5.334, 7.232, 2.559, 2.36, 2.183, 2.836, 2.168, 2.233, 2.196, 2.616, 2.391, 4.503, 3.46, 3.892, 2.33, 2.563, 21.145, 3.647, 1.962, 1.749, 2.171, 2.113, 2.968, 2.002, 2.423, 2.053]",I had a preference for when there were minimal lines overlapping. I prefered when the image was not cluttered.,2,4,4,3,2,1,66c2784823d2e426e4422ef7,2024-10-29 16:12:16,2024-10-29 16:18:00,4,"[2, 3, 3, 2, 3, 3, 3, 3, 3, 2, 3, 1, 3, 3, 1, 3, 1, 3, 1, 1, 3, 3, 1, 3, 1, 1, 1, 2, 3, 3, 1, 3, 3, 3, 1, 1, 1, 1, 1, 3, 3, 3, 3, 2, 1]","[0, 35, 40, 0, 25, 10, 25, 20, 5, 0, 30, 35, 15, 5, 20, 10, 5, 20, 30, 5, 25, 30, 20, 40, 15, 5, 10, 0, 30, 15, 15, 35, 30, 35, 15, 10, 25, 40, 20, 40, 35, 10, 40, 0, 25]","[-1, 1, 1, -1, 1, 1, 1, 1, 0, -1, 1, 1, 0, 1, 1, 1, 1, 1, 1, 0, 1, 1, 1, 1, 1, 1, 1, -1, 1, 1, 1, 1, 1, 1, 1, 1, 1, 1, 1, 1, 1, 1, 1, -1, 1]"
24,"[['g1_l80_a', 'g1_l45_b'], ['g5_l75_a', 'g5_l80_b'], ['g5_l50_b', 'g5_l80_c'], ['g2_l80_b', 'g2_l80_c'], ['g3_l80_a', 'g3_l75_c'], ['g2_l75_b', 'g2_l40_c'], ['g3_l45_b', 'g3_l80_c'], ['g1_l45_a', 'g1_l75_b'], ['g5_l80_a', 'g5_l70_c'], ['g4_l60_a', 'g4_l75_b'], ['g4_l40_a', 'g4_l40_c'], ['g4_l40_b', 'g4_l80_c'], ['g2_l55_a', 'g2_l60_b'], ['g4_l50_a', 'g4_l55_b'], ['g2_l50_a', 'g2_l80_b'], ['g4_l45_c', 'g4_l80_a'], ['g1_l65_c', 'g1_l45_b'], ['g3_l60_a', 'g3_l70_b'], ['g2_l45_a', 'g2_l65_c'], ['g3_l55_a', 'g3_l55_c'], ['g2_l50_a', 'g2_l65_b'], ['g5_l55_c', 'g5_l55_b'], ['g1_l70_a', 'g1_l45_b'], ['g1_l40_a', 'g1_l80_b'], ['g5_l45_c', 'g5_l60_a'], ['g1_l80_b', 'g1_l75_a'], ['g4_l50_c', 'g4_l80_a'], ['g3_l40_b', 'g3_l80_c'], ['g4_l55_c', 'g4_l65_b'], ['g5_l75_b', 'g5_l40_a'], ['g2_l40_b', 'g2_l80_c'], ['g4_l50_c', 'g4_l70_b'], ['g4_l75_b', 'g4_l50_a'], ['g1_l45_c', 'g1_l45_a'], ['g5_l50_a', 'g5_l70_c'], ['g3_l45_a', 'g3_l65_b'], ['g3_l60_b', 'g3_l45_c'], ['g5_l45_b', 'g5_l70_c'], ['g3_l45_b', 'g3_l75_a'], ['g1_l50_a', 'g1_l60_b'], ['g1_l70_b', 'g1_l55_a'], ['g5_l80_b', 'g5_l40_c'], ['g2_l80_a', 'g2_l55_b'], ['g3_l75_b', 'g3_l50_a'], ['g2_l50_c', 'g2_l40_a']]","[1, 2, 2, 1, 2, 1, 2, 2, 1, 2, 1, 2, 1, 2, 2, 2, 1, 1, 2, 1, 2, 1, 1, 2, 1, 2, 2, 2, 2, 1, 2, 2, 1, 1, 2, 2, 1, 2, 2, 2, 1, 1, 1, 1, 2]","[6.726, 8.04, 7.276, 8.414, 13.776, 8.614, 10.081, 9.556, 12.114, 5.95, 20.748, 10.699, 10.59, 7.6, 35.041, 5.018, 6.205, 15.32, 9.439, 5.267, 9.494, 10.43, 6.256, 6.525, 14.816, 8.73, 6.939, 11.323, 17.945, 5.428, 6.038, 3.797, 6.815, 20.934, 16.376, 12.048, 6.027, 3.335, 5.473, 10.51, 7.099, 4.633, 5.159, 8.931, 5.707]",I preferred the visuals that had more of the simple line drawings so that are easier to understand and see. ,2,3,2,2,2,1,5abc11e6e1099600016a3097,2024-10-29 16:33:26,2024-10-29 16:53:05,2,"[1, 3, 3, 2, 1, 1, 3, 3, 1, 3, 2, 3, 3, 3, 3, 3, 1, 3, 3, 2, 3, 2, 1, 3, 3, 1, 3, 3, 3, 1, 3, 3, 1, 2, 3, 3, 1, 3, 3, 3, 1, 1, 1, 1, 1]","[35, 5, 30, 0, 5, 35, 35, 30, 10, 15, 0, 40, 5, 5, 30, 35, 20, 10, 20, 0, 15, 0, 25, 40, 15, 5, 30, 40, 10, 35, 40, 20, 25, 0, 20, 20, 15, 25, 30, 10, 15, 40, 25, 25, 10]","[1, 1, 1, -1, 0, 1, 1, 1, 1, 1, -1, 1, 0, 1, 1, 1, 1, 0, 1, -1, 1, -1, 1, 1, 0, 0, 1, 1, 1, 1, 1, 1, 1, -1, 1, 1, 1, 1, 1, 1, 1, 1, 1, 1, 0]"
